run,ipm,lambda,ipm_type,habitat
1,lag_cf,0.955,lag,cf
2,lag_cf,0.985,lag,cf
3,lag_cf,0.982,lag,cf
4,lag_cf,0.953,lag,cf
5,lag_cf,0.964,lag,cf
6,lag_cf,0.981,lag,cf
7,lag_cf,0.942,lag,cf
8,lag_cf,0.988,lag,cf
9,lag_cf,0.969,lag,cf
10,lag_cf,1.006,lag,cf
11,lag_cf,1,lag,cf
12,lag_cf,0.968,lag,cf
13,lag_cf,1.043,lag,cf
14,lag_cf,0.986,lag,cf
15,lag_cf,0.978,lag,cf
16,lag_cf,0.98,lag,cf
17,lag_cf,0.985,lag,cf
18,lag_cf,0.988,lag,cf
19,lag_cf,0.97,lag,cf
20,lag_cf,0.992,lag,cf
21,lag_cf,0.993,lag,cf
22,lag_cf,0.961,lag,cf
23,lag_cf,0.987,lag,cf
24,lag_cf,0.987,lag,cf
25,lag_cf,1,lag,cf
26,lag_cf,0.978,lag,cf
27,lag_cf,0.968,lag,cf
28,lag_cf,0.985,lag,cf
29,lag_cf,0.973,lag,cf
30,lag_cf,0.983,lag,cf
31,lag_cf,1.016,lag,cf
32,lag_cf,0.999,lag,cf
33,lag_cf,0.955,lag,cf
34,lag_cf,0.991,lag,cf
35,lag_cf,1.005,lag,cf
36,lag_cf,0.967,lag,cf
37,lag_cf,0.975,lag,cf
38,lag_cf,1,lag,cf
39,lag_cf,0.987,lag,cf
40,lag_cf,0.962,lag,cf
41,lag_cf,0.944,lag,cf
42,lag_cf,0.98,lag,cf
43,lag_cf,0.95,lag,cf
44,lag_cf,0.992,lag,cf
45,lag_cf,0.974,lag,cf
46,lag_cf,0.982,lag,cf
47,lag_cf,0.982,lag,cf
48,lag_cf,0.953,lag,cf
49,lag_cf,0.967,lag,cf
50,lag_cf,0.988,lag,cf
51,lag_cf,0.95,lag,cf
52,lag_cf,0.967,lag,cf
53,lag_cf,0.999,lag,cf
54,lag_cf,1.01,lag,cf
55,lag_cf,0.982,lag,cf
56,lag_cf,0.965,lag,cf
57,lag_cf,0.977,lag,cf
58,lag_cf,0.97,lag,cf
59,lag_cf,0.957,lag,cf
60,lag_cf,0.955,lag,cf
61,lag_cf,0.983,lag,cf
62,lag_cf,0.96,lag,cf
63,lag_cf,0.937,lag,cf
64,lag_cf,0.947,lag,cf
65,lag_cf,0.921,lag,cf
66,lag_cf,0.978,lag,cf
67,lag_cf,0.948,lag,cf
68,lag_cf,0.984,lag,cf
69,lag_cf,0.993,lag,cf
70,lag_cf,0.995,lag,cf
71,lag_cf,0.991,lag,cf
72,lag_cf,0.957,lag,cf
73,lag_cf,0.938,lag,cf
74,lag_cf,0.944,lag,cf
75,lag_cf,0.975,lag,cf
76,lag_cf,0.921,lag,cf
77,lag_cf,0.946,lag,cf
78,lag_cf,0.967,lag,cf
79,lag_cf,0.962,lag,cf
80,lag_cf,1.005,lag,cf
81,lag_cf,0.969,lag,cf
82,lag_cf,0.958,lag,cf
83,lag_cf,0.958,lag,cf
84,lag_cf,0.967,lag,cf
85,lag_cf,0.969,lag,cf
86,lag_cf,0.971,lag,cf
87,lag_cf,0.963,lag,cf
88,lag_cf,0.97,lag,cf
89,lag_cf,0.953,lag,cf
90,lag_cf,0.902,lag,cf
91,lag_cf,0.978,lag,cf
92,lag_cf,1.002,lag,cf
93,lag_cf,0.962,lag,cf
94,lag_cf,0.977,lag,cf
95,lag_cf,1.006,lag,cf
96,lag_cf,0.988,lag,cf
97,lag_cf,0.966,lag,cf
98,lag_cf,0.99,lag,cf
99,lag_cf,1.012,lag,cf
100,lag_cf,0.982,lag,cf
101,lag_cf,0.978,lag,cf
102,lag_cf,1.014,lag,cf
103,lag_cf,0.998,lag,cf
104,lag_cf,0.969,lag,cf
105,lag_cf,0.985,lag,cf
106,lag_cf,0.989,lag,cf
107,lag_cf,0.978,lag,cf
108,lag_cf,0.996,lag,cf
109,lag_cf,0.975,lag,cf
110,lag_cf,0.98,lag,cf
111,lag_cf,0.975,lag,cf
112,lag_cf,0.998,lag,cf
113,lag_cf,0.973,lag,cf
114,lag_cf,0.957,lag,cf
115,lag_cf,0.97,lag,cf
116,lag_cf,0.935,lag,cf
117,lag_cf,0.966,lag,cf
118,lag_cf,0.983,lag,cf
119,lag_cf,0.966,lag,cf
120,lag_cf,0.976,lag,cf
121,lag_cf,0.956,lag,cf
122,lag_cf,0.982,lag,cf
123,lag_cf,0.989,lag,cf
124,lag_cf,0.961,lag,cf
125,lag_cf,1.01,lag,cf
126,lag_cf,0.975,lag,cf
127,lag_cf,0.992,lag,cf
128,lag_cf,0.96,lag,cf
129,lag_cf,1.007,lag,cf
130,lag_cf,0.997,lag,cf
131,lag_cf,0.995,lag,cf
132,lag_cf,1.006,lag,cf
133,lag_cf,0.953,lag,cf
134,lag_cf,0.956,lag,cf
135,lag_cf,0.973,lag,cf
136,lag_cf,0.977,lag,cf
137,lag_cf,0.973,lag,cf
138,lag_cf,0.974,lag,cf
139,lag_cf,0.956,lag,cf
140,lag_cf,0.952,lag,cf
141,lag_cf,0.968,lag,cf
142,lag_cf,0.983,lag,cf
143,lag_cf,0.965,lag,cf
144,lag_cf,1.005,lag,cf
145,lag_cf,0.989,lag,cf
146,lag_cf,0.994,lag,cf
147,lag_cf,0.964,lag,cf
148,lag_cf,0.996,lag,cf
149,lag_cf,0.965,lag,cf
150,lag_cf,0.997,lag,cf
151,lag_cf,0.962,lag,cf
152,lag_cf,0.947,lag,cf
153,lag_cf,0.96,lag,cf
154,lag_cf,0.981,lag,cf
155,lag_cf,0.965,lag,cf
156,lag_cf,0.96,lag,cf
157,lag_cf,0.975,lag,cf
158,lag_cf,0.983,lag,cf
159,lag_cf,0.986,lag,cf
160,lag_cf,0.952,lag,cf
161,lag_cf,0.992,lag,cf
162,lag_cf,1.012,lag,cf
163,lag_cf,0.948,lag,cf
164,lag_cf,1.012,lag,cf
165,lag_cf,1.017,lag,cf
166,lag_cf,0.983,lag,cf
167,lag_cf,0.98,lag,cf
168,lag_cf,0.971,lag,cf
169,lag_cf,0.968,lag,cf
170,lag_cf,0.985,lag,cf
171,lag_cf,0.938,lag,cf
172,lag_cf,0.996,lag,cf
173,lag_cf,0.999,lag,cf
174,lag_cf,0.974,lag,cf
175,lag_cf,0.962,lag,cf
176,lag_cf,0.991,lag,cf
177,lag_cf,0.978,lag,cf
178,lag_cf,1.012,lag,cf
179,lag_cf,1.005,lag,cf
180,lag_cf,0.992,lag,cf
181,lag_cf,0.987,lag,cf
182,lag_cf,1.012,lag,cf
183,lag_cf,0.991,lag,cf
184,lag_cf,0.965,lag,cf
185,lag_cf,1.002,lag,cf
186,lag_cf,0.987,lag,cf
187,lag_cf,0.998,lag,cf
188,lag_cf,0.972,lag,cf
189,lag_cf,0.973,lag,cf
190,lag_cf,0.964,lag,cf
191,lag_cf,0.965,lag,cf
192,lag_cf,0.988,lag,cf
193,lag_cf,0.963,lag,cf
194,lag_cf,0.984,lag,cf
195,lag_cf,0.981,lag,cf
196,lag_cf,0.973,lag,cf
197,lag_cf,0.966,lag,cf
198,lag_cf,0.981,lag,cf
199,lag_cf,0.993,lag,cf
200,lag_cf,0.993,lag,cf
201,lag_cf,0.975,lag,cf
202,lag_cf,0.971,lag,cf
203,lag_cf,1.02,lag,cf
204,lag_cf,0.995,lag,cf
205,lag_cf,0.988,lag,cf
206,lag_cf,0.985,lag,cf
207,lag_cf,0.961,lag,cf
208,lag_cf,0.986,lag,cf
209,lag_cf,0.961,lag,cf
210,lag_cf,0.993,lag,cf
211,lag_cf,0.987,lag,cf
212,lag_cf,1.012,lag,cf
213,lag_cf,0.979,lag,cf
214,lag_cf,1.019,lag,cf
215,lag_cf,0.978,lag,cf
216,lag_cf,0.974,lag,cf
217,lag_cf,1.004,lag,cf
218,lag_cf,0.971,lag,cf
219,lag_cf,0.983,lag,cf
220,lag_cf,0.971,lag,cf
221,lag_cf,0.981,lag,cf
222,lag_cf,0.99,lag,cf
223,lag_cf,0.989,lag,cf
224,lag_cf,0.981,lag,cf
225,lag_cf,0.977,lag,cf
226,lag_cf,0.964,lag,cf
227,lag_cf,0.988,lag,cf
228,lag_cf,0.967,lag,cf
229,lag_cf,0.954,lag,cf
230,lag_cf,0.977,lag,cf
231,lag_cf,0.973,lag,cf
232,lag_cf,0.969,lag,cf
233,lag_cf,0.953,lag,cf
234,lag_cf,0.961,lag,cf
235,lag_cf,0.963,lag,cf
236,lag_cf,0.98,lag,cf
237,lag_cf,0.979,lag,cf
238,lag_cf,0.98,lag,cf
239,lag_cf,0.991,lag,cf
240,lag_cf,1,lag,cf
241,lag_cf,0.962,lag,cf
242,lag_cf,0.972,lag,cf
243,lag_cf,0.955,lag,cf
244,lag_cf,0.981,lag,cf
245,lag_cf,0.988,lag,cf
246,lag_cf,0.987,lag,cf
247,lag_cf,0.993,lag,cf
248,lag_cf,0.965,lag,cf
249,lag_cf,0.954,lag,cf
250,lag_cf,0.996,lag,cf
251,lag_cf,0.973,lag,cf
252,lag_cf,1.014,lag,cf
253,lag_cf,0.993,lag,cf
254,lag_cf,0.996,lag,cf
255,lag_cf,0.97,lag,cf
256,lag_cf,1.006,lag,cf
257,lag_cf,1.009,lag,cf
258,lag_cf,0.988,lag,cf
259,lag_cf,0.994,lag,cf
260,lag_cf,0.955,lag,cf
261,lag_cf,0.963,lag,cf
262,lag_cf,1.002,lag,cf
263,lag_cf,0.974,lag,cf
264,lag_cf,1,lag,cf
265,lag_cf,0.977,lag,cf
266,lag_cf,1.013,lag,cf
267,lag_cf,0.988,lag,cf
268,lag_cf,1.015,lag,cf
269,lag_cf,1.027,lag,cf
270,lag_cf,0.997,lag,cf
271,lag_cf,0.961,lag,cf
272,lag_cf,0.978,lag,cf
273,lag_cf,1.014,lag,cf
274,lag_cf,1.007,lag,cf
275,lag_cf,1.013,lag,cf
276,lag_cf,1.008,lag,cf
277,lag_cf,1.02,lag,cf
278,lag_cf,1.048,lag,cf
279,lag_cf,1.019,lag,cf
280,lag_cf,1.035,lag,cf
281,lag_cf,0.959,lag,cf
282,lag_cf,1.015,lag,cf
283,lag_cf,1.016,lag,cf
284,lag_cf,0.962,lag,cf
285,lag_cf,0.969,lag,cf
286,lag_cf,0.988,lag,cf
287,lag_cf,0.972,lag,cf
288,lag_cf,0.975,lag,cf
289,lag_cf,0.982,lag,cf
290,lag_cf,0.982,lag,cf
291,lag_cf,0.982,lag,cf
292,lag_cf,0.978,lag,cf
293,lag_cf,0.966,lag,cf
294,lag_cf,0.969,lag,cf
295,lag_cf,0.964,lag,cf
296,lag_cf,0.983,lag,cf
297,lag_cf,0.985,lag,cf
298,lag_cf,0.991,lag,cf
299,lag_cf,0.983,lag,cf
300,lag_cf,0.995,lag,cf
301,lag_cf,0.964,lag,cf
302,lag_cf,1.005,lag,cf
303,lag_cf,0.974,lag,cf
304,lag_cf,0.967,lag,cf
305,lag_cf,0.985,lag,cf
306,lag_cf,0.981,lag,cf
307,lag_cf,0.967,lag,cf
308,lag_cf,0.981,lag,cf
309,lag_cf,0.994,lag,cf
310,lag_cf,0.973,lag,cf
311,lag_cf,0.964,lag,cf
312,lag_cf,0.982,lag,cf
313,lag_cf,0.996,lag,cf
314,lag_cf,0.985,lag,cf
315,lag_cf,0.993,lag,cf
316,lag_cf,1.005,lag,cf
317,lag_cf,0.949,lag,cf
318,lag_cf,1.006,lag,cf
319,lag_cf,1.009,lag,cf
320,lag_cf,0.979,lag,cf
321,lag_cf,0.968,lag,cf
322,lag_cf,0.975,lag,cf
323,lag_cf,0.945,lag,cf
324,lag_cf,0.955,lag,cf
325,lag_cf,0.936,lag,cf
326,lag_cf,0.959,lag,cf
327,lag_cf,0.983,lag,cf
328,lag_cf,0.981,lag,cf
329,lag_cf,0.967,lag,cf
330,lag_cf,0.962,lag,cf
331,lag_cf,0.959,lag,cf
332,lag_cf,0.955,lag,cf
333,lag_cf,0.921,lag,cf
334,lag_cf,0.943,lag,cf
335,lag_cf,1,lag,cf
336,lag_cf,0.941,lag,cf
337,lag_cf,1.008,lag,cf
338,lag_cf,1.007,lag,cf
339,lag_cf,0.959,lag,cf
340,lag_cf,1.024,lag,cf
341,lag_cf,0.998,lag,cf
342,lag_cf,0.997,lag,cf
343,lag_cf,0.98,lag,cf
344,lag_cf,0.975,lag,cf
345,lag_cf,0.948,lag,cf
346,lag_cf,0.949,lag,cf
347,lag_cf,0.969,lag,cf
348,lag_cf,0.977,lag,cf
349,lag_cf,0.963,lag,cf
350,lag_cf,0.983,lag,cf
351,lag_cf,0.997,lag,cf
352,lag_cf,0.983,lag,cf
353,lag_cf,0.972,lag,cf
354,lag_cf,1.012,lag,cf
355,lag_cf,0.98,lag,cf
356,lag_cf,0.98,lag,cf
357,lag_cf,1.058,lag,cf
358,lag_cf,1.016,lag,cf
359,lag_cf,1.004,lag,cf
360,lag_cf,0.962,lag,cf
361,lag_cf,0.999,lag,cf
362,lag_cf,1.017,lag,cf
363,lag_cf,0.976,lag,cf
364,lag_cf,0.973,lag,cf
365,lag_cf,0.999,lag,cf
366,lag_cf,0.997,lag,cf
367,lag_cf,0.989,lag,cf
368,lag_cf,0.973,lag,cf
369,lag_cf,0.979,lag,cf
370,lag_cf,0.992,lag,cf
371,lag_cf,0.969,lag,cf
372,lag_cf,0.992,lag,cf
373,lag_cf,0.945,lag,cf
374,lag_cf,0.989,lag,cf
375,lag_cf,0.986,lag,cf
376,lag_cf,0.975,lag,cf
377,lag_cf,0.952,lag,cf
378,lag_cf,0.996,lag,cf
379,lag_cf,0.99,lag,cf
380,lag_cf,0.938,lag,cf
381,lag_cf,1.003,lag,cf
382,lag_cf,1.008,lag,cf
383,lag_cf,0.994,lag,cf
384,lag_cf,0.994,lag,cf
385,lag_cf,0.99,lag,cf
386,lag_cf,0.997,lag,cf
387,lag_cf,0.986,lag,cf
388,lag_cf,0.945,lag,cf
389,lag_cf,0.971,lag,cf
390,lag_cf,0.966,lag,cf
391,lag_cf,0.98,lag,cf
392,lag_cf,0.988,lag,cf
393,lag_cf,0.958,lag,cf
394,lag_cf,1.005,lag,cf
395,lag_cf,0.99,lag,cf
396,lag_cf,0.974,lag,cf
397,lag_cf,0.994,lag,cf
398,lag_cf,0.974,lag,cf
399,lag_cf,0.986,lag,cf
400,lag_cf,1.005,lag,cf
401,lag_cf,0.979,lag,cf
402,lag_cf,1.008,lag,cf
403,lag_cf,1.008,lag,cf
404,lag_cf,0.985,lag,cf
405,lag_cf,0.966,lag,cf
406,lag_cf,0.983,lag,cf
407,lag_cf,0.987,lag,cf
408,lag_cf,0.95,lag,cf
409,lag_cf,0.953,lag,cf
410,lag_cf,0.968,lag,cf
411,lag_cf,0.987,lag,cf
412,lag_cf,0.995,lag,cf
413,lag_cf,1.021,lag,cf
414,lag_cf,0.984,lag,cf
415,lag_cf,0.998,lag,cf
416,lag_cf,0.975,lag,cf
417,lag_cf,0.972,lag,cf
418,lag_cf,1.005,lag,cf
419,lag_cf,0.975,lag,cf
420,lag_cf,0.952,lag,cf
421,lag_cf,1.017,lag,cf
422,lag_cf,0.992,lag,cf
423,lag_cf,1.002,lag,cf
424,lag_cf,0.992,lag,cf
425,lag_cf,0.987,lag,cf
426,lag_cf,0.983,lag,cf
427,lag_cf,0.975,lag,cf
428,lag_cf,0.997,lag,cf
429,lag_cf,0.994,lag,cf
430,lag_cf,0.975,lag,cf
431,lag_cf,0.982,lag,cf
432,lag_cf,0.986,lag,cf
433,lag_cf,0.938,lag,cf
434,lag_cf,0.998,lag,cf
435,lag_cf,0.957,lag,cf
436,lag_cf,0.993,lag,cf
437,lag_cf,0.961,lag,cf
438,lag_cf,0.972,lag,cf
439,lag_cf,0.978,lag,cf
440,lag_cf,0.994,lag,cf
441,lag_cf,0.968,lag,cf
442,lag_cf,0.969,lag,cf
443,lag_cf,0.961,lag,cf
444,lag_cf,0.988,lag,cf
445,lag_cf,0.967,lag,cf
446,lag_cf,1.003,lag,cf
447,lag_cf,0.971,lag,cf
448,lag_cf,0.951,lag,cf
449,lag_cf,0.973,lag,cf
450,lag_cf,0.951,lag,cf
451,lag_cf,0.983,lag,cf
452,lag_cf,0.973,lag,cf
453,lag_cf,0.978,lag,cf
454,lag_cf,1.001,lag,cf
455,lag_cf,0.995,lag,cf
456,lag_cf,0.989,lag,cf
457,lag_cf,0.977,lag,cf
458,lag_cf,0.996,lag,cf
459,lag_cf,0.997,lag,cf
460,lag_cf,0.978,lag,cf
461,lag_cf,0.955,lag,cf
462,lag_cf,0.979,lag,cf
463,lag_cf,0.964,lag,cf
464,lag_cf,0.924,lag,cf
465,lag_cf,0.975,lag,cf
466,lag_cf,0.971,lag,cf
467,lag_cf,0.979,lag,cf
468,lag_cf,0.981,lag,cf
469,lag_cf,0.927,lag,cf
470,lag_cf,0.924,lag,cf
471,lag_cf,0.94,lag,cf
472,lag_cf,0.986,lag,cf
473,lag_cf,0.938,lag,cf
474,lag_cf,0.984,lag,cf
475,lag_cf,0.984,lag,cf
476,lag_cf,0.98,lag,cf
477,lag_cf,0.973,lag,cf
478,lag_cf,0.992,lag,cf
479,lag_cf,0.998,lag,cf
480,lag_cf,1.003,lag,cf
481,lag_cf,0.963,lag,cf
482,lag_cf,1.004,lag,cf
483,lag_cf,1.025,lag,cf
484,lag_cf,0.971,lag,cf
485,lag_cf,0.994,lag,cf
486,lag_cf,1.027,lag,cf
487,lag_cf,0.982,lag,cf
488,lag_cf,1.028,lag,cf
489,lag_cf,0.952,lag,cf
490,lag_cf,1.009,lag,cf
491,lag_cf,0.979,lag,cf
492,lag_cf,0.985,lag,cf
493,lag_cf,0.978,lag,cf
494,lag_cf,0.95,lag,cf
495,lag_cf,0.958,lag,cf
496,lag_cf,0.979,lag,cf
497,lag_cf,0.976,lag,cf
498,lag_cf,0.99,lag,cf
499,lag_cf,0.998,lag,cf
500,lag_cf,0.99,lag,cf
501,lag_cf,0.977,lag,cf
502,lag_cf,0.98,lag,cf
503,lag_cf,0.926,lag,cf
504,lag_cf,0.987,lag,cf
505,lag_cf,0.99,lag,cf
506,lag_cf,0.986,lag,cf
507,lag_cf,0.997,lag,cf
508,lag_cf,1.016,lag,cf
509,lag_cf,0.974,lag,cf
510,lag_cf,1.003,lag,cf
511,lag_cf,1.014,lag,cf
512,lag_cf,0.981,lag,cf
513,lag_cf,0.998,lag,cf
514,lag_cf,1.004,lag,cf
515,lag_cf,0.957,lag,cf
516,lag_cf,0.959,lag,cf
517,lag_cf,0.966,lag,cf
518,lag_cf,0.964,lag,cf
519,lag_cf,0.973,lag,cf
520,lag_cf,0.986,lag,cf
521,lag_cf,0.991,lag,cf
522,lag_cf,0.987,lag,cf
523,lag_cf,0.975,lag,cf
524,lag_cf,0.956,lag,cf
525,lag_cf,0.97,lag,cf
526,lag_cf,0.959,lag,cf
527,lag_cf,0.97,lag,cf
528,lag_cf,0.962,lag,cf
529,lag_cf,0.965,lag,cf
530,lag_cf,0.945,lag,cf
531,lag_cf,0.964,lag,cf
532,lag_cf,0.978,lag,cf
533,lag_cf,0.961,lag,cf
534,lag_cf,0.991,lag,cf
535,lag_cf,0.997,lag,cf
536,lag_cf,0.97,lag,cf
537,lag_cf,0.982,lag,cf
538,lag_cf,0.981,lag,cf
539,lag_cf,0.984,lag,cf
540,lag_cf,0.993,lag,cf
541,lag_cf,0.979,lag,cf
542,lag_cf,0.965,lag,cf
543,lag_cf,0.968,lag,cf
544,lag_cf,0.953,lag,cf
545,lag_cf,0.985,lag,cf
546,lag_cf,0.981,lag,cf
547,lag_cf,0.989,lag,cf
548,lag_cf,1.009,lag,cf
549,lag_cf,0.993,lag,cf
550,lag_cf,0.991,lag,cf
551,lag_cf,1.018,lag,cf
552,lag_cf,0.972,lag,cf
553,lag_cf,0.971,lag,cf
554,lag_cf,0.968,lag,cf
555,lag_cf,0.949,lag,cf
556,lag_cf,0.968,lag,cf
557,lag_cf,0.964,lag,cf
558,lag_cf,0.965,lag,cf
559,lag_cf,0.972,lag,cf
560,lag_cf,0.977,lag,cf
561,lag_cf,0.984,lag,cf
562,lag_cf,1.003,lag,cf
563,lag_cf,0.978,lag,cf
564,lag_cf,1.03,lag,cf
565,lag_cf,1.003,lag,cf
566,lag_cf,0.971,lag,cf
567,lag_cf,1.002,lag,cf
568,lag_cf,0.991,lag,cf
569,lag_cf,1.041,lag,cf
570,lag_cf,0.974,lag,cf
571,lag_cf,1.054,lag,cf
572,lag_cf,1,lag,cf
573,lag_cf,0.99,lag,cf
574,lag_cf,1.015,lag,cf
575,lag_cf,1.005,lag,cf
576,lag_cf,0.974,lag,cf
577,lag_cf,0.997,lag,cf
578,lag_cf,0.987,lag,cf
579,lag_cf,1.007,lag,cf
580,lag_cf,0.981,lag,cf
581,lag_cf,0.944,lag,cf
582,lag_cf,1.007,lag,cf
583,lag_cf,1.007,lag,cf
584,lag_cf,0.961,lag,cf
585,lag_cf,0.982,lag,cf
586,lag_cf,0.95,lag,cf
587,lag_cf,0.985,lag,cf
588,lag_cf,0.982,lag,cf
589,lag_cf,0.983,lag,cf
590,lag_cf,0.982,lag,cf
591,lag_cf,0.933,lag,cf
592,lag_cf,0.966,lag,cf
593,lag_cf,0.979,lag,cf
594,lag_cf,0.976,lag,cf
595,lag_cf,0.989,lag,cf
596,lag_cf,0.978,lag,cf
597,lag_cf,0.988,lag,cf
598,lag_cf,0.978,lag,cf
599,lag_cf,1.01,lag,cf
600,lag_cf,0.962,lag,cf
601,lag_cf,0.987,lag,cf
602,lag_cf,1.004,lag,cf
603,lag_cf,0.992,lag,cf
604,lag_cf,1.01,lag,cf
605,lag_cf,0.992,lag,cf
606,lag_cf,0.988,lag,cf
607,lag_cf,1.013,lag,cf
608,lag_cf,0.951,lag,cf
609,lag_cf,0.969,lag,cf
610,lag_cf,0.993,lag,cf
611,lag_cf,0.967,lag,cf
612,lag_cf,0.985,lag,cf
613,lag_cf,0.954,lag,cf
614,lag_cf,0.998,lag,cf
615,lag_cf,0.998,lag,cf
616,lag_cf,0.982,lag,cf
617,lag_cf,0.985,lag,cf
618,lag_cf,0.978,lag,cf
619,lag_cf,0.988,lag,cf
620,lag_cf,0.98,lag,cf
621,lag_cf,0.962,lag,cf
622,lag_cf,0.992,lag,cf
623,lag_cf,0.967,lag,cf
624,lag_cf,1.003,lag,cf
625,lag_cf,1.007,lag,cf
626,lag_cf,0.968,lag,cf
627,lag_cf,1.013,lag,cf
628,lag_cf,0.997,lag,cf
629,lag_cf,1.035,lag,cf
630,lag_cf,1.025,lag,cf
631,lag_cf,0.963,lag,cf
632,lag_cf,1.026,lag,cf
633,lag_cf,1.043,lag,cf
634,lag_cf,1.004,lag,cf
635,lag_cf,0.988,lag,cf
636,lag_cf,0.953,lag,cf
637,lag_cf,0.97,lag,cf
638,lag_cf,0.965,lag,cf
639,lag_cf,0.971,lag,cf
640,lag_cf,0.979,lag,cf
641,lag_cf,0.963,lag,cf
642,lag_cf,0.978,lag,cf
643,lag_cf,0.985,lag,cf
644,lag_cf,0.972,lag,cf
645,lag_cf,0.97,lag,cf
646,lag_cf,0.98,lag,cf
647,lag_cf,0.928,lag,cf
648,lag_cf,0.958,lag,cf
649,lag_cf,0.981,lag,cf
650,lag_cf,0.936,lag,cf
651,lag_cf,0.954,lag,cf
652,lag_cf,0.962,lag,cf
653,lag_cf,0.956,lag,cf
654,lag_cf,0.949,lag,cf
655,lag_cf,0.95,lag,cf
656,lag_cf,0.969,lag,cf
657,lag_cf,0.962,lag,cf
658,lag_cf,0.983,lag,cf
659,lag_cf,0.954,lag,cf
660,lag_cf,0.98,lag,cf
661,lag_cf,0.96,lag,cf
662,lag_cf,0.96,lag,cf
663,lag_cf,0.955,lag,cf
664,lag_cf,0.951,lag,cf
665,lag_cf,0.967,lag,cf
666,lag_cf,0.967,lag,cf
667,lag_cf,0.923,lag,cf
668,lag_cf,0.971,lag,cf
669,lag_cf,0.97,lag,cf
670,lag_cf,0.973,lag,cf
671,lag_cf,0.98,lag,cf
672,lag_cf,0.946,lag,cf
673,lag_cf,0.967,lag,cf
674,lag_cf,0.924,lag,cf
675,lag_cf,0.966,lag,cf
676,lag_cf,0.954,lag,cf
677,lag_cf,0.956,lag,cf
678,lag_cf,0.963,lag,cf
679,lag_cf,0.957,lag,cf
680,lag_cf,0.965,lag,cf
681,lag_cf,0.986,lag,cf
682,lag_cf,0.961,lag,cf
683,lag_cf,1.001,lag,cf
684,lag_cf,0.984,lag,cf
685,lag_cf,0.955,lag,cf
686,lag_cf,0.98,lag,cf
687,lag_cf,1.012,lag,cf
688,lag_cf,0.965,lag,cf
689,lag_cf,0.989,lag,cf
690,lag_cf,0.96,lag,cf
691,lag_cf,0.996,lag,cf
692,lag_cf,1.022,lag,cf
693,lag_cf,0.97,lag,cf
694,lag_cf,0.997,lag,cf
695,lag_cf,1.008,lag,cf
696,lag_cf,0.993,lag,cf
697,lag_cf,1.014,lag,cf
698,lag_cf,0.988,lag,cf
699,lag_cf,0.967,lag,cf
700,lag_cf,0.983,lag,cf
701,lag_cf,0.972,lag,cf
702,lag_cf,0.982,lag,cf
703,lag_cf,0.963,lag,cf
704,lag_cf,0.952,lag,cf
705,lag_cf,0.926,lag,cf
706,lag_cf,0.92,lag,cf
707,lag_cf,0.968,lag,cf
708,lag_cf,0.965,lag,cf
709,lag_cf,1.001,lag,cf
710,lag_cf,0.939,lag,cf
711,lag_cf,0.977,lag,cf
712,lag_cf,0.987,lag,cf
713,lag_cf,0.995,lag,cf
714,lag_cf,0.992,lag,cf
715,lag_cf,0.981,lag,cf
716,lag_cf,1.002,lag,cf
717,lag_cf,0.991,lag,cf
718,lag_cf,0.996,lag,cf
719,lag_cf,0.97,lag,cf
720,lag_cf,0.974,lag,cf
721,lag_cf,0.964,lag,cf
722,lag_cf,0.976,lag,cf
723,lag_cf,0.975,lag,cf
724,lag_cf,0.943,lag,cf
725,lag_cf,0.954,lag,cf
726,lag_cf,0.929,lag,cf
727,lag_cf,0.941,lag,cf
728,lag_cf,0.971,lag,cf
729,lag_cf,0.973,lag,cf
730,lag_cf,0.987,lag,cf
731,lag_cf,0.977,lag,cf
732,lag_cf,0.98,lag,cf
733,lag_cf,0.976,lag,cf
734,lag_cf,0.976,lag,cf
735,lag_cf,0.985,lag,cf
736,lag_cf,0.994,lag,cf
737,lag_cf,0.967,lag,cf
738,lag_cf,0.985,lag,cf
739,lag_cf,0.966,lag,cf
740,lag_cf,0.986,lag,cf
741,lag_cf,1.015,lag,cf
742,lag_cf,0.996,lag,cf
743,lag_cf,0.975,lag,cf
744,lag_cf,0.999,lag,cf
745,lag_cf,0.996,lag,cf
746,lag_cf,0.953,lag,cf
747,lag_cf,1.003,lag,cf
748,lag_cf,1.015,lag,cf
749,lag_cf,0.994,lag,cf
750,lag_cf,0.976,lag,cf
751,lag_cf,0.978,lag,cf
752,lag_cf,0.961,lag,cf
753,lag_cf,1.006,lag,cf
754,lag_cf,1.013,lag,cf
755,lag_cf,0.991,lag,cf
756,lag_cf,1.032,lag,cf
757,lag_cf,1.007,lag,cf
758,lag_cf,1.016,lag,cf
759,lag_cf,1.043,lag,cf
760,lag_cf,1.007,lag,cf
761,lag_cf,0.984,lag,cf
762,lag_cf,0.986,lag,cf
763,lag_cf,0.969,lag,cf
764,lag_cf,1.024,lag,cf
765,lag_cf,1.004,lag,cf
766,lag_cf,1.011,lag,cf
767,lag_cf,0.978,lag,cf
768,lag_cf,0.974,lag,cf
769,lag_cf,0.985,lag,cf
770,lag_cf,0.984,lag,cf
771,lag_cf,0.999,lag,cf
772,lag_cf,1.017,lag,cf
773,lag_cf,0.989,lag,cf
774,lag_cf,1.015,lag,cf
775,lag_cf,0.958,lag,cf
776,lag_cf,0.983,lag,cf
777,lag_cf,0.981,lag,cf
778,lag_cf,0.981,lag,cf
779,lag_cf,0.981,lag,cf
780,lag_cf,0.987,lag,cf
781,lag_cf,0.959,lag,cf
782,lag_cf,0.94,lag,cf
783,lag_cf,0.949,lag,cf
784,lag_cf,0.96,lag,cf
785,lag_cf,0.966,lag,cf
786,lag_cf,0.957,lag,cf
787,lag_cf,1.006,lag,cf
788,lag_cf,0.963,lag,cf
789,lag_cf,0.982,lag,cf
790,lag_cf,1.009,lag,cf
791,lag_cf,0.975,lag,cf
792,lag_cf,0.97,lag,cf
793,lag_cf,0.995,lag,cf
794,lag_cf,0.988,lag,cf
795,lag_cf,0.979,lag,cf
796,lag_cf,0.963,lag,cf
797,lag_cf,0.967,lag,cf
798,lag_cf,0.985,lag,cf
799,lag_cf,0.992,lag,cf
800,lag_cf,0.988,lag,cf
801,lag_cf,0.966,lag,cf
802,lag_cf,0.937,lag,cf
803,lag_cf,0.971,lag,cf
804,lag_cf,0.972,lag,cf
805,lag_cf,0.92,lag,cf
806,lag_cf,0.976,lag,cf
807,lag_cf,0.986,lag,cf
808,lag_cf,0.966,lag,cf
809,lag_cf,0.939,lag,cf
810,lag_cf,0.958,lag,cf
811,lag_cf,0.987,lag,cf
812,lag_cf,0.968,lag,cf
813,lag_cf,0.97,lag,cf
814,lag_cf,0.985,lag,cf
815,lag_cf,1.016,lag,cf
816,lag_cf,0.97,lag,cf
817,lag_cf,0.995,lag,cf
818,lag_cf,0.992,lag,cf
819,lag_cf,0.953,lag,cf
820,lag_cf,0.979,lag,cf
821,lag_cf,0.979,lag,cf
822,lag_cf,0.968,lag,cf
823,lag_cf,0.94,lag,cf
824,lag_cf,0.982,lag,cf
825,lag_cf,0.978,lag,cf
826,lag_cf,0.977,lag,cf
827,lag_cf,1.03,lag,cf
828,lag_cf,0.992,lag,cf
829,lag_cf,0.98,lag,cf
830,lag_cf,0.998,lag,cf
831,lag_cf,0.981,lag,cf
832,lag_cf,1.015,lag,cf
833,lag_cf,0.992,lag,cf
834,lag_cf,0.982,lag,cf
835,lag_cf,0.996,lag,cf
836,lag_cf,0.977,lag,cf
837,lag_cf,1.009,lag,cf
838,lag_cf,0.981,lag,cf
839,lag_cf,1.011,lag,cf
840,lag_cf,0.973,lag,cf
841,lag_cf,0.975,lag,cf
842,lag_cf,1.001,lag,cf
843,lag_cf,0.952,lag,cf
844,lag_cf,0.99,lag,cf
845,lag_cf,1.005,lag,cf
846,lag_cf,0.976,lag,cf
847,lag_cf,1,lag,cf
848,lag_cf,0.979,lag,cf
849,lag_cf,0.967,lag,cf
850,lag_cf,0.982,lag,cf
851,lag_cf,0.974,lag,cf
852,lag_cf,0.98,lag,cf
853,lag_cf,0.996,lag,cf
854,lag_cf,0.974,lag,cf
855,lag_cf,0.965,lag,cf
856,lag_cf,0.941,lag,cf
857,lag_cf,0.945,lag,cf
858,lag_cf,0.954,lag,cf
859,lag_cf,0.958,lag,cf
860,lag_cf,0.943,lag,cf
861,lag_cf,0.971,lag,cf
862,lag_cf,0.956,lag,cf
863,lag_cf,0.962,lag,cf
864,lag_cf,0.979,lag,cf
865,lag_cf,0.977,lag,cf
866,lag_cf,1.004,lag,cf
867,lag_cf,0.972,lag,cf
868,lag_cf,0.957,lag,cf
869,lag_cf,0.94,lag,cf
870,lag_cf,0.976,lag,cf
871,lag_cf,0.962,lag,cf
872,lag_cf,0.983,lag,cf
873,lag_cf,0.975,lag,cf
874,lag_cf,0.988,lag,cf
875,lag_cf,0.955,lag,cf
876,lag_cf,0.974,lag,cf
877,lag_cf,0.982,lag,cf
878,lag_cf,0.979,lag,cf
879,lag_cf,0.948,lag,cf
880,lag_cf,0.992,lag,cf
881,lag_cf,1.008,lag,cf
882,lag_cf,0.975,lag,cf
883,lag_cf,1.025,lag,cf
884,lag_cf,0.99,lag,cf
885,lag_cf,0.957,lag,cf
886,lag_cf,0.967,lag,cf
887,lag_cf,0.977,lag,cf
888,lag_cf,0.964,lag,cf
889,lag_cf,0.997,lag,cf
890,lag_cf,0.984,lag,cf
891,lag_cf,0.986,lag,cf
892,lag_cf,1,lag,cf
893,lag_cf,0.997,lag,cf
894,lag_cf,0.981,lag,cf
895,lag_cf,0.972,lag,cf
896,lag_cf,0.962,lag,cf
897,lag_cf,1.004,lag,cf
898,lag_cf,0.998,lag,cf
899,lag_cf,0.978,lag,cf
900,lag_cf,1.005,lag,cf
1,lag_ff,0.951,lag,ff
2,lag_ff,0.973,lag,ff
3,lag_ff,0.98,lag,ff
4,lag_ff,0.961,lag,ff
5,lag_ff,0.944,lag,ff
6,lag_ff,0.929,lag,ff
7,lag_ff,0.89,lag,ff
8,lag_ff,0.88,lag,ff
9,lag_ff,0.913,lag,ff
10,lag_ff,0.964,lag,ff
11,lag_ff,0.98,lag,ff
12,lag_ff,0.963,lag,ff
13,lag_ff,0.986,lag,ff
14,lag_ff,0.987,lag,ff
15,lag_ff,0.978,lag,ff
16,lag_ff,0.983,lag,ff
17,lag_ff,0.976,lag,ff
18,lag_ff,0.98,lag,ff
19,lag_ff,0.974,lag,ff
20,lag_ff,0.982,lag,ff
21,lag_ff,0.991,lag,ff
22,lag_ff,0.983,lag,ff
23,lag_ff,0.985,lag,ff
24,lag_ff,0.972,lag,ff
25,lag_ff,0.955,lag,ff
26,lag_ff,0.96,lag,ff
27,lag_ff,0.976,lag,ff
28,lag_ff,0.992,lag,ff
29,lag_ff,0.982,lag,ff
30,lag_ff,0.998,lag,ff
31,lag_ff,0.988,lag,ff
32,lag_ff,0.978,lag,ff
33,lag_ff,0.963,lag,ff
34,lag_ff,0.974,lag,ff
35,lag_ff,0.974,lag,ff
36,lag_ff,0.952,lag,ff
37,lag_ff,0.983,lag,ff
38,lag_ff,0.969,lag,ff
39,lag_ff,0.96,lag,ff
40,lag_ff,0.947,lag,ff
41,lag_ff,0.973,lag,ff
42,lag_ff,0.982,lag,ff
43,lag_ff,0.964,lag,ff
44,lag_ff,0.987,lag,ff
45,lag_ff,0.966,lag,ff
46,lag_ff,0.985,lag,ff
47,lag_ff,0.983,lag,ff
48,lag_ff,0.933,lag,ff
49,lag_ff,0.943,lag,ff
50,lag_ff,0.989,lag,ff
51,lag_ff,0.972,lag,ff
52,lag_ff,0.981,lag,ff
53,lag_ff,0.989,lag,ff
54,lag_ff,0.977,lag,ff
55,lag_ff,0.987,lag,ff
56,lag_ff,0.99,lag,ff
57,lag_ff,0.972,lag,ff
58,lag_ff,0.963,lag,ff
59,lag_ff,0.959,lag,ff
60,lag_ff,0.968,lag,ff
61,lag_ff,0.975,lag,ff
62,lag_ff,0.965,lag,ff
63,lag_ff,0.966,lag,ff
64,lag_ff,0.955,lag,ff
65,lag_ff,0.899,lag,ff
66,lag_ff,0.924,lag,ff
67,lag_ff,0.86,lag,ff
68,lag_ff,0.926,lag,ff
69,lag_ff,0.959,lag,ff
70,lag_ff,0.96,lag,ff
71,lag_ff,0.955,lag,ff
72,lag_ff,0.969,lag,ff
73,lag_ff,0.953,lag,ff
74,lag_ff,0.911,lag,ff
75,lag_ff,0.919,lag,ff
76,lag_ff,0.894,lag,ff
77,lag_ff,0.921,lag,ff
78,lag_ff,0.899,lag,ff
79,lag_ff,0.94,lag,ff
80,lag_ff,0.975,lag,ff
81,lag_ff,0.975,lag,ff
82,lag_ff,0.977,lag,ff
83,lag_ff,0.965,lag,ff
84,lag_ff,0.943,lag,ff
85,lag_ff,0.969,lag,ff
86,lag_ff,0.953,lag,ff
87,lag_ff,0.93,lag,ff
88,lag_ff,0.974,lag,ff
89,lag_ff,0.934,lag,ff
90,lag_ff,0.882,lag,ff
91,lag_ff,0.874,lag,ff
92,lag_ff,0.93,lag,ff
93,lag_ff,0.896,lag,ff
94,lag_ff,0.947,lag,ff
95,lag_ff,0.98,lag,ff
96,lag_ff,0.911,lag,ff
97,lag_ff,0.87,lag,ff
98,lag_ff,0.959,lag,ff
99,lag_ff,0.988,lag,ff
100,lag_ff,0.952,lag,ff
101,lag_ff,0.958,lag,ff
102,lag_ff,0.971,lag,ff
103,lag_ff,0.948,lag,ff
104,lag_ff,0.94,lag,ff
105,lag_ff,0.985,lag,ff
106,lag_ff,0.986,lag,ff
107,lag_ff,0.981,lag,ff
108,lag_ff,1.002,lag,ff
109,lag_ff,0.987,lag,ff
110,lag_ff,0.961,lag,ff
111,lag_ff,0.967,lag,ff
112,lag_ff,0.99,lag,ff
113,lag_ff,0.976,lag,ff
114,lag_ff,0.977,lag,ff
115,lag_ff,0.969,lag,ff
116,lag_ff,0.927,lag,ff
117,lag_ff,0.967,lag,ff
118,lag_ff,0.923,lag,ff
119,lag_ff,0.965,lag,ff
120,lag_ff,0.977,lag,ff
121,lag_ff,0.914,lag,ff
122,lag_ff,0.985,lag,ff
123,lag_ff,0.985,lag,ff
124,lag_ff,0.988,lag,ff
125,lag_ff,0.997,lag,ff
126,lag_ff,0.964,lag,ff
127,lag_ff,0.914,lag,ff
128,lag_ff,0.926,lag,ff
129,lag_ff,0.961,lag,ff
130,lag_ff,0.953,lag,ff
131,lag_ff,0.973,lag,ff
132,lag_ff,0.984,lag,ff
133,lag_ff,0.972,lag,ff
134,lag_ff,0.956,lag,ff
135,lag_ff,0.951,lag,ff
136,lag_ff,0.929,lag,ff
137,lag_ff,0.963,lag,ff
138,lag_ff,0.967,lag,ff
139,lag_ff,0.941,lag,ff
140,lag_ff,0.873,lag,ff
141,lag_ff,0.975,lag,ff
142,lag_ff,0.975,lag,ff
143,lag_ff,0.978,lag,ff
144,lag_ff,0.944,lag,ff
145,lag_ff,0.991,lag,ff
146,lag_ff,0.982,lag,ff
147,lag_ff,0.971,lag,ff
148,lag_ff,0.991,lag,ff
149,lag_ff,0.976,lag,ff
150,lag_ff,0.994,lag,ff
151,lag_ff,0.991,lag,ff
152,lag_ff,0.967,lag,ff
153,lag_ff,0.976,lag,ff
154,lag_ff,0.981,lag,ff
155,lag_ff,0.965,lag,ff
156,lag_ff,0.938,lag,ff
157,lag_ff,0.955,lag,ff
158,lag_ff,0.973,lag,ff
159,lag_ff,0.951,lag,ff
160,lag_ff,0.902,lag,ff
161,lag_ff,0.953,lag,ff
162,lag_ff,0.968,lag,ff
163,lag_ff,0.938,lag,ff
164,lag_ff,0.976,lag,ff
165,lag_ff,0.953,lag,ff
166,lag_ff,0.968,lag,ff
167,lag_ff,0.986,lag,ff
168,lag_ff,0.978,lag,ff
169,lag_ff,0.978,lag,ff
170,lag_ff,0.944,lag,ff
171,lag_ff,0.926,lag,ff
172,lag_ff,0.957,lag,ff
173,lag_ff,0.956,lag,ff
174,lag_ff,0.959,lag,ff
175,lag_ff,0.942,lag,ff
176,lag_ff,0.924,lag,ff
177,lag_ff,0.909,lag,ff
178,lag_ff,0.948,lag,ff
179,lag_ff,0.968,lag,ff
180,lag_ff,0.942,lag,ff
181,lag_ff,0.949,lag,ff
182,lag_ff,0.967,lag,ff
183,lag_ff,0.967,lag,ff
184,lag_ff,0.96,lag,ff
185,lag_ff,0.989,lag,ff
186,lag_ff,0.981,lag,ff
187,lag_ff,0.994,lag,ff
188,lag_ff,0.993,lag,ff
189,lag_ff,0.983,lag,ff
190,lag_ff,0.93,lag,ff
191,lag_ff,0.943,lag,ff
192,lag_ff,0.98,lag,ff
193,lag_ff,0.981,lag,ff
194,lag_ff,0.994,lag,ff
195,lag_ff,0.982,lag,ff
196,lag_ff,0.978,lag,ff
197,lag_ff,0.971,lag,ff
198,lag_ff,0.985,lag,ff
199,lag_ff,0.961,lag,ff
200,lag_ff,0.928,lag,ff
201,lag_ff,0.883,lag,ff
202,lag_ff,0.917,lag,ff
203,lag_ff,0.967,lag,ff
204,lag_ff,0.947,lag,ff
205,lag_ff,0.938,lag,ff
206,lag_ff,0.968,lag,ff
207,lag_ff,0.97,lag,ff
208,lag_ff,0.976,lag,ff
209,lag_ff,0.984,lag,ff
210,lag_ff,0.988,lag,ff
211,lag_ff,0.984,lag,ff
212,lag_ff,0.991,lag,ff
213,lag_ff,0.981,lag,ff
214,lag_ff,0.979,lag,ff
215,lag_ff,0.962,lag,ff
216,lag_ff,0.984,lag,ff
217,lag_ff,0.987,lag,ff
218,lag_ff,0.973,lag,ff
219,lag_ff,0.965,lag,ff
220,lag_ff,0.937,lag,ff
221,lag_ff,0.976,lag,ff
222,lag_ff,0.978,lag,ff
223,lag_ff,0.963,lag,ff
224,lag_ff,0.948,lag,ff
225,lag_ff,0.952,lag,ff
226,lag_ff,0.957,lag,ff
227,lag_ff,0.96,lag,ff
228,lag_ff,0.967,lag,ff
229,lag_ff,0.939,lag,ff
230,lag_ff,0.931,lag,ff
231,lag_ff,0.975,lag,ff
232,lag_ff,0.981,lag,ff
233,lag_ff,0.96,lag,ff
234,lag_ff,0.939,lag,ff
235,lag_ff,0.975,lag,ff
236,lag_ff,0.971,lag,ff
237,lag_ff,0.966,lag,ff
238,lag_ff,0.95,lag,ff
239,lag_ff,0.982,lag,ff
240,lag_ff,0.983,lag,ff
241,lag_ff,0.968,lag,ff
242,lag_ff,0.967,lag,ff
243,lag_ff,0.922,lag,ff
244,lag_ff,0.953,lag,ff
245,lag_ff,0.962,lag,ff
246,lag_ff,0.957,lag,ff
247,lag_ff,0.959,lag,ff
248,lag_ff,0.928,lag,ff
249,lag_ff,0.95,lag,ff
250,lag_ff,0.964,lag,ff
251,lag_ff,0.935,lag,ff
252,lag_ff,0.957,lag,ff
253,lag_ff,0.965,lag,ff
254,lag_ff,0.987,lag,ff
255,lag_ff,0.956,lag,ff
256,lag_ff,0.995,lag,ff
257,lag_ff,0.99,lag,ff
258,lag_ff,0.958,lag,ff
259,lag_ff,0.962,lag,ff
260,lag_ff,0.922,lag,ff
261,lag_ff,0.929,lag,ff
262,lag_ff,0.974,lag,ff
263,lag_ff,0.988,lag,ff
264,lag_ff,0.996,lag,ff
265,lag_ff,0.963,lag,ff
266,lag_ff,0.99,lag,ff
267,lag_ff,0.96,lag,ff
268,lag_ff,0.971,lag,ff
269,lag_ff,0.993,lag,ff
270,lag_ff,0.971,lag,ff
271,lag_ff,0.871,lag,ff
272,lag_ff,0.893,lag,ff
273,lag_ff,0.932,lag,ff
274,lag_ff,0.971,lag,ff
275,lag_ff,0.919,lag,ff
276,lag_ff,0.905,lag,ff
277,lag_ff,0.896,lag,ff
278,lag_ff,0.956,lag,ff
279,lag_ff,0.958,lag,ff
280,lag_ff,0.936,lag,ff
281,lag_ff,0.903,lag,ff
282,lag_ff,0.952,lag,ff
283,lag_ff,0.987,lag,ff
284,lag_ff,0.974,lag,ff
285,lag_ff,0.95,lag,ff
286,lag_ff,0.957,lag,ff
287,lag_ff,0.97,lag,ff
288,lag_ff,0.968,lag,ff
289,lag_ff,0.945,lag,ff
290,lag_ff,0.945,lag,ff
291,lag_ff,0.985,lag,ff
292,lag_ff,0.985,lag,ff
293,lag_ff,0.976,lag,ff
294,lag_ff,0.98,lag,ff
295,lag_ff,0.987,lag,ff
296,lag_ff,0.99,lag,ff
297,lag_ff,0.99,lag,ff
298,lag_ff,0.973,lag,ff
299,lag_ff,0.999,lag,ff
300,lag_ff,0.992,lag,ff
301,lag_ff,0.96,lag,ff
302,lag_ff,0.972,lag,ff
303,lag_ff,0.972,lag,ff
304,lag_ff,0.984,lag,ff
305,lag_ff,0.985,lag,ff
306,lag_ff,0.975,lag,ff
307,lag_ff,0.941,lag,ff
308,lag_ff,0.977,lag,ff
309,lag_ff,0.969,lag,ff
310,lag_ff,0.959,lag,ff
311,lag_ff,0.927,lag,ff
312,lag_ff,0.965,lag,ff
313,lag_ff,0.967,lag,ff
314,lag_ff,0.939,lag,ff
315,lag_ff,0.985,lag,ff
316,lag_ff,0.967,lag,ff
317,lag_ff,0.916,lag,ff
318,lag_ff,0.975,lag,ff
319,lag_ff,0.974,lag,ff
320,lag_ff,0.967,lag,ff
321,lag_ff,0.968,lag,ff
322,lag_ff,0.974,lag,ff
323,lag_ff,0.976,lag,ff
324,lag_ff,0.964,lag,ff
325,lag_ff,0.92,lag,ff
326,lag_ff,0.953,lag,ff
327,lag_ff,0.969,lag,ff
328,lag_ff,0.941,lag,ff
329,lag_ff,0.974,lag,ff
330,lag_ff,0.972,lag,ff
331,lag_ff,0.97,lag,ff
332,lag_ff,0.984,lag,ff
333,lag_ff,0.934,lag,ff
334,lag_ff,0.976,lag,ff
335,lag_ff,0.964,lag,ff
336,lag_ff,0.876,lag,ff
337,lag_ff,0.974,lag,ff
338,lag_ff,0.964,lag,ff
339,lag_ff,0.925,lag,ff
340,lag_ff,0.96,lag,ff
341,lag_ff,0.973,lag,ff
342,lag_ff,0.958,lag,ff
343,lag_ff,0.949,lag,ff
344,lag_ff,0.975,lag,ff
345,lag_ff,0.97,lag,ff
346,lag_ff,0.945,lag,ff
347,lag_ff,0.922,lag,ff
348,lag_ff,0.959,lag,ff
349,lag_ff,0.941,lag,ff
350,lag_ff,0.969,lag,ff
351,lag_ff,0.971,lag,ff
352,lag_ff,0.912,lag,ff
353,lag_ff,0.965,lag,ff
354,lag_ff,0.975,lag,ff
355,lag_ff,0.928,lag,ff
356,lag_ff,0.927,lag,ff
357,lag_ff,0.976,lag,ff
358,lag_ff,0.982,lag,ff
359,lag_ff,0.98,lag,ff
360,lag_ff,0.965,lag,ff
361,lag_ff,0.972,lag,ff
362,lag_ff,0.971,lag,ff
363,lag_ff,0.955,lag,ff
364,lag_ff,0.98,lag,ff
365,lag_ff,0.961,lag,ff
366,lag_ff,0.978,lag,ff
367,lag_ff,0.982,lag,ff
368,lag_ff,0.965,lag,ff
369,lag_ff,0.965,lag,ff
370,lag_ff,0.928,lag,ff
371,lag_ff,0.961,lag,ff
372,lag_ff,0.958,lag,ff
373,lag_ff,0.893,lag,ff
374,lag_ff,0.954,lag,ff
375,lag_ff,0.974,lag,ff
376,lag_ff,0.97,lag,ff
377,lag_ff,0.967,lag,ff
378,lag_ff,0.994,lag,ff
379,lag_ff,0.981,lag,ff
380,lag_ff,0.958,lag,ff
381,lag_ff,0.968,lag,ff
382,lag_ff,0.972,lag,ff
383,lag_ff,0.988,lag,ff
384,lag_ff,0.983,lag,ff
385,lag_ff,0.959,lag,ff
386,lag_ff,0.998,lag,ff
387,lag_ff,0.999,lag,ff
388,lag_ff,0.983,lag,ff
389,lag_ff,0.975,lag,ff
390,lag_ff,0.962,lag,ff
391,lag_ff,0.982,lag,ff
392,lag_ff,0.952,lag,ff
393,lag_ff,0.925,lag,ff
394,lag_ff,0.967,lag,ff
395,lag_ff,0.954,lag,ff
396,lag_ff,0.966,lag,ff
397,lag_ff,0.97,lag,ff
398,lag_ff,0.925,lag,ff
399,lag_ff,0.943,lag,ff
400,lag_ff,0.917,lag,ff
401,lag_ff,0.916,lag,ff
402,lag_ff,0.914,lag,ff
403,lag_ff,0.952,lag,ff
404,lag_ff,0.976,lag,ff
405,lag_ff,0.962,lag,ff
406,lag_ff,0.959,lag,ff
407,lag_ff,0.936,lag,ff
408,lag_ff,0.953,lag,ff
409,lag_ff,0.962,lag,ff
410,lag_ff,0.978,lag,ff
411,lag_ff,0.982,lag,ff
412,lag_ff,0.982,lag,ff
413,lag_ff,1.002,lag,ff
414,lag_ff,0.991,lag,ff
415,lag_ff,0.982,lag,ff
416,lag_ff,0.985,lag,ff
417,lag_ff,0.974,lag,ff
418,lag_ff,0.935,lag,ff
419,lag_ff,0.912,lag,ff
420,lag_ff,0.897,lag,ff
421,lag_ff,0.959,lag,ff
422,lag_ff,0.971,lag,ff
423,lag_ff,0.971,lag,ff
424,lag_ff,0.949,lag,ff
425,lag_ff,0.973,lag,ff
426,lag_ff,0.952,lag,ff
427,lag_ff,0.966,lag,ff
428,lag_ff,0.958,lag,ff
429,lag_ff,0.961,lag,ff
430,lag_ff,0.955,lag,ff
431,lag_ff,0.977,lag,ff
432,lag_ff,0.973,lag,ff
433,lag_ff,0.972,lag,ff
434,lag_ff,0.985,lag,ff
435,lag_ff,0.973,lag,ff
436,lag_ff,0.991,lag,ff
437,lag_ff,0.98,lag,ff
438,lag_ff,0.961,lag,ff
439,lag_ff,0.973,lag,ff
440,lag_ff,0.972,lag,ff
441,lag_ff,0.968,lag,ff
442,lag_ff,0.966,lag,ff
443,lag_ff,0.98,lag,ff
444,lag_ff,0.977,lag,ff
445,lag_ff,0.968,lag,ff
446,lag_ff,0.993,lag,ff
447,lag_ff,0.976,lag,ff
448,lag_ff,0.943,lag,ff
449,lag_ff,0.952,lag,ff
450,lag_ff,0.938,lag,ff
451,lag_ff,0.922,lag,ff
452,lag_ff,0.945,lag,ff
453,lag_ff,0.941,lag,ff
454,lag_ff,0.962,lag,ff
455,lag_ff,0.95,lag,ff
456,lag_ff,0.92,lag,ff
457,lag_ff,0.872,lag,ff
458,lag_ff,0.921,lag,ff
459,lag_ff,0.971,lag,ff
460,lag_ff,0.967,lag,ff
461,lag_ff,0.888,lag,ff
462,lag_ff,0.964,lag,ff
463,lag_ff,0.952,lag,ff
464,lag_ff,0.944,lag,ff
465,lag_ff,0.966,lag,ff
466,lag_ff,0.953,lag,ff
467,lag_ff,0.971,lag,ff
468,lag_ff,0.976,lag,ff
469,lag_ff,0.968,lag,ff
470,lag_ff,0.926,lag,ff
471,lag_ff,0.953,lag,ff
472,lag_ff,0.904,lag,ff
473,lag_ff,0.886,lag,ff
474,lag_ff,0.91,lag,ff
475,lag_ff,0.966,lag,ff
476,lag_ff,0.963,lag,ff
477,lag_ff,0.914,lag,ff
478,lag_ff,0.954,lag,ff
479,lag_ff,0.966,lag,ff
480,lag_ff,0.945,lag,ff
481,lag_ff,0.931,lag,ff
482,lag_ff,0.932,lag,ff
483,lag_ff,0.94,lag,ff
484,lag_ff,0.925,lag,ff
485,lag_ff,0.96,lag,ff
486,lag_ff,0.977,lag,ff
487,lag_ff,0.982,lag,ff
488,lag_ff,0.995,lag,ff
489,lag_ff,0.98,lag,ff
490,lag_ff,1.002,lag,ff
491,lag_ff,0.99,lag,ff
492,lag_ff,0.984,lag,ff
493,lag_ff,0.993,lag,ff
494,lag_ff,0.98,lag,ff
495,lag_ff,0.963,lag,ff
496,lag_ff,0.96,lag,ff
497,lag_ff,0.955,lag,ff
498,lag_ff,0.976,lag,ff
499,lag_ff,0.964,lag,ff
500,lag_ff,0.963,lag,ff
501,lag_ff,0.985,lag,ff
502,lag_ff,0.946,lag,ff
503,lag_ff,0.874,lag,ff
504,lag_ff,0.934,lag,ff
505,lag_ff,0.953,lag,ff
506,lag_ff,0.962,lag,ff
507,lag_ff,0.957,lag,ff
508,lag_ff,0.964,lag,ff
509,lag_ff,0.935,lag,ff
510,lag_ff,0.943,lag,ff
511,lag_ff,0.974,lag,ff
512,lag_ff,0.954,lag,ff
513,lag_ff,0.986,lag,ff
514,lag_ff,0.98,lag,ff
515,lag_ff,0.976,lag,ff
516,lag_ff,0.947,lag,ff
517,lag_ff,0.944,lag,ff
518,lag_ff,0.95,lag,ff
519,lag_ff,0.963,lag,ff
520,lag_ff,0.974,lag,ff
521,lag_ff,0.959,lag,ff
522,lag_ff,0.959,lag,ff
523,lag_ff,0.972,lag,ff
524,lag_ff,0.957,lag,ff
525,lag_ff,0.97,lag,ff
526,lag_ff,0.966,lag,ff
527,lag_ff,0.936,lag,ff
528,lag_ff,0.947,lag,ff
529,lag_ff,0.957,lag,ff
530,lag_ff,0.955,lag,ff
531,lag_ff,0.945,lag,ff
532,lag_ff,0.918,lag,ff
533,lag_ff,0.825,lag,ff
534,lag_ff,0.932,lag,ff
535,lag_ff,0.981,lag,ff
536,lag_ff,0.968,lag,ff
537,lag_ff,0.949,lag,ff
538,lag_ff,0.94,lag,ff
539,lag_ff,0.958,lag,ff
540,lag_ff,0.986,lag,ff
541,lag_ff,0.978,lag,ff
542,lag_ff,0.966,lag,ff
543,lag_ff,0.973,lag,ff
544,lag_ff,0.968,lag,ff
545,lag_ff,0.984,lag,ff
546,lag_ff,0.962,lag,ff
547,lag_ff,0.976,lag,ff
548,lag_ff,0.978,lag,ff
549,lag_ff,0.976,lag,ff
550,lag_ff,0.975,lag,ff
551,lag_ff,0.991,lag,ff
552,lag_ff,0.98,lag,ff
553,lag_ff,0.948,lag,ff
554,lag_ff,0.942,lag,ff
555,lag_ff,0.965,lag,ff
556,lag_ff,0.983,lag,ff
557,lag_ff,0.976,lag,ff
558,lag_ff,0.956,lag,ff
559,lag_ff,0.986,lag,ff
560,lag_ff,0.968,lag,ff
561,lag_ff,0.974,lag,ff
562,lag_ff,0.933,lag,ff
563,lag_ff,0.93,lag,ff
564,lag_ff,0.975,lag,ff
565,lag_ff,0.982,lag,ff
566,lag_ff,0.986,lag,ff
567,lag_ff,0.981,lag,ff
568,lag_ff,0.989,lag,ff
569,lag_ff,0.97,lag,ff
570,lag_ff,0.95,lag,ff
571,lag_ff,0.987,lag,ff
572,lag_ff,0.982,lag,ff
573,lag_ff,0.962,lag,ff
574,lag_ff,0.978,lag,ff
575,lag_ff,0.981,lag,ff
576,lag_ff,0.97,lag,ff
577,lag_ff,0.918,lag,ff
578,lag_ff,0.968,lag,ff
579,lag_ff,0.988,lag,ff
580,lag_ff,0.964,lag,ff
581,lag_ff,0.908,lag,ff
582,lag_ff,0.945,lag,ff
583,lag_ff,0.985,lag,ff
584,lag_ff,0.983,lag,ff
585,lag_ff,0.942,lag,ff
586,lag_ff,0.897,lag,ff
587,lag_ff,0.955,lag,ff
588,lag_ff,0.953,lag,ff
589,lag_ff,0.964,lag,ff
590,lag_ff,0.942,lag,ff
591,lag_ff,0.933,lag,ff
592,lag_ff,0.939,lag,ff
593,lag_ff,0.888,lag,ff
594,lag_ff,0.975,lag,ff
595,lag_ff,0.981,lag,ff
596,lag_ff,0.975,lag,ff
597,lag_ff,0.969,lag,ff
598,lag_ff,0.99,lag,ff
599,lag_ff,0.963,lag,ff
600,lag_ff,0.912,lag,ff
601,lag_ff,0.939,lag,ff
602,lag_ff,0.978,lag,ff
603,lag_ff,0.974,lag,ff
604,lag_ff,0.977,lag,ff
605,lag_ff,0.963,lag,ff
606,lag_ff,0.971,lag,ff
607,lag_ff,0.959,lag,ff
608,lag_ff,0.912,lag,ff
609,lag_ff,0.933,lag,ff
610,lag_ff,0.957,lag,ff
611,lag_ff,0.954,lag,ff
612,lag_ff,0.921,lag,ff
613,lag_ff,0.859,lag,ff
614,lag_ff,0.921,lag,ff
615,lag_ff,0.977,lag,ff
616,lag_ff,0.986,lag,ff
617,lag_ff,0.945,lag,ff
618,lag_ff,0.904,lag,ff
619,lag_ff,0.972,lag,ff
620,lag_ff,0.973,lag,ff
621,lag_ff,0.921,lag,ff
622,lag_ff,0.912,lag,ff
623,lag_ff,0.904,lag,ff
624,lag_ff,0.938,lag,ff
625,lag_ff,0.938,lag,ff
626,lag_ff,0.925,lag,ff
627,lag_ff,0.883,lag,ff
628,lag_ff,0.916,lag,ff
629,lag_ff,0.956,lag,ff
630,lag_ff,0.987,lag,ff
631,lag_ff,0.954,lag,ff
632,lag_ff,0.985,lag,ff
633,lag_ff,0.984,lag,ff
634,lag_ff,0.993,lag,ff
635,lag_ff,0.996,lag,ff
636,lag_ff,0.975,lag,ff
637,lag_ff,0.982,lag,ff
638,lag_ff,0.961,lag,ff
639,lag_ff,0.962,lag,ff
640,lag_ff,0.975,lag,ff
641,lag_ff,0.941,lag,ff
642,lag_ff,0.964,lag,ff
643,lag_ff,0.974,lag,ff
644,lag_ff,0.933,lag,ff
645,lag_ff,0.966,lag,ff
646,lag_ff,0.982,lag,ff
647,lag_ff,0.955,lag,ff
648,lag_ff,0.973,lag,ff
649,lag_ff,0.98,lag,ff
650,lag_ff,0.978,lag,ff
651,lag_ff,0.96,lag,ff
652,lag_ff,0.949,lag,ff
653,lag_ff,0.97,lag,ff
654,lag_ff,0.952,lag,ff
655,lag_ff,0.955,lag,ff
656,lag_ff,0.955,lag,ff
657,lag_ff,0.974,lag,ff
658,lag_ff,0.987,lag,ff
659,lag_ff,0.983,lag,ff
660,lag_ff,0.978,lag,ff
661,lag_ff,0.942,lag,ff
662,lag_ff,0.98,lag,ff
663,lag_ff,0.983,lag,ff
664,lag_ff,0.964,lag,ff
665,lag_ff,0.971,lag,ff
666,lag_ff,0.976,lag,ff
667,lag_ff,0.935,lag,ff
668,lag_ff,0.973,lag,ff
669,lag_ff,0.94,lag,ff
670,lag_ff,0.961,lag,ff
671,lag_ff,0.975,lag,ff
672,lag_ff,0.966,lag,ff
673,lag_ff,0.972,lag,ff
674,lag_ff,0.941,lag,ff
675,lag_ff,0.963,lag,ff
676,lag_ff,0.96,lag,ff
677,lag_ff,0.944,lag,ff
678,lag_ff,0.93,lag,ff
679,lag_ff,0.959,lag,ff
680,lag_ff,0.973,lag,ff
681,lag_ff,0.977,lag,ff
682,lag_ff,0.96,lag,ff
683,lag_ff,0.978,lag,ff
684,lag_ff,0.964,lag,ff
685,lag_ff,0.931,lag,ff
686,lag_ff,0.973,lag,ff
687,lag_ff,0.992,lag,ff
688,lag_ff,0.978,lag,ff
689,lag_ff,0.957,lag,ff
690,lag_ff,0.907,lag,ff
691,lag_ff,0.917,lag,ff
692,lag_ff,0.951,lag,ff
693,lag_ff,0.94,lag,ff
694,lag_ff,0.942,lag,ff
695,lag_ff,0.946,lag,ff
696,lag_ff,0.953,lag,ff
697,lag_ff,0.985,lag,ff
698,lag_ff,0.983,lag,ff
699,lag_ff,0.962,lag,ff
700,lag_ff,0.97,lag,ff
701,lag_ff,0.945,lag,ff
702,lag_ff,0.962,lag,ff
703,lag_ff,0.975,lag,ff
704,lag_ff,0.975,lag,ff
705,lag_ff,0.963,lag,ff
706,lag_ff,0.967,lag,ff
707,lag_ff,0.952,lag,ff
708,lag_ff,0.969,lag,ff
709,lag_ff,0.968,lag,ff
710,lag_ff,0.911,lag,ff
711,lag_ff,0.943,lag,ff
712,lag_ff,0.965,lag,ff
713,lag_ff,0.96,lag,ff
714,lag_ff,0.982,lag,ff
715,lag_ff,0.977,lag,ff
716,lag_ff,0.948,lag,ff
717,lag_ff,0.986,lag,ff
718,lag_ff,0.994,lag,ff
719,lag_ff,0.967,lag,ff
720,lag_ff,0.967,lag,ff
721,lag_ff,0.969,lag,ff
722,lag_ff,0.95,lag,ff
723,lag_ff,0.972,lag,ff
724,lag_ff,0.973,lag,ff
725,lag_ff,0.962,lag,ff
726,lag_ff,0.941,lag,ff
727,lag_ff,0.963,lag,ff
728,lag_ff,0.959,lag,ff
729,lag_ff,0.951,lag,ff
730,lag_ff,0.963,lag,ff
731,lag_ff,0.963,lag,ff
732,lag_ff,0.984,lag,ff
733,lag_ff,0.982,lag,ff
734,lag_ff,0.95,lag,ff
735,lag_ff,0.992,lag,ff
736,lag_ff,0.983,lag,ff
737,lag_ff,0.975,lag,ff
738,lag_ff,0.986,lag,ff
739,lag_ff,0.961,lag,ff
740,lag_ff,0.965,lag,ff
741,lag_ff,0.992,lag,ff
742,lag_ff,0.991,lag,ff
743,lag_ff,0.968,lag,ff
744,lag_ff,0.992,lag,ff
745,lag_ff,0.978,lag,ff
746,lag_ff,0.93,lag,ff
747,lag_ff,0.952,lag,ff
748,lag_ff,0.993,lag,ff
749,lag_ff,0.996,lag,ff
750,lag_ff,0.985,lag,ff
751,lag_ff,0.9,lag,ff
752,lag_ff,0.946,lag,ff
753,lag_ff,0.944,lag,ff
754,lag_ff,0.955,lag,ff
755,lag_ff,0.943,lag,ff
756,lag_ff,0.913,lag,ff
757,lag_ff,0.912,lag,ff
758,lag_ff,0.919,lag,ff
759,lag_ff,0.966,lag,ff
760,lag_ff,0.946,lag,ff
761,lag_ff,0.977,lag,ff
762,lag_ff,0.972,lag,ff
763,lag_ff,0.967,lag,ff
764,lag_ff,0.984,lag,ff
765,lag_ff,0.996,lag,ff
766,lag_ff,0.992,lag,ff
767,lag_ff,0.953,lag,ff
768,lag_ff,0.972,lag,ff
769,lag_ff,0.989,lag,ff
770,lag_ff,0.974,lag,ff
771,lag_ff,0.994,lag,ff
772,lag_ff,0.991,lag,ff
773,lag_ff,0.982,lag,ff
774,lag_ff,0.997,lag,ff
775,lag_ff,0.984,lag,ff
776,lag_ff,0.984,lag,ff
777,lag_ff,0.967,lag,ff
778,lag_ff,0.945,lag,ff
779,lag_ff,0.977,lag,ff
780,lag_ff,0.991,lag,ff
781,lag_ff,0.982,lag,ff
782,lag_ff,0.979,lag,ff
783,lag_ff,0.954,lag,ff
784,lag_ff,0.966,lag,ff
785,lag_ff,0.965,lag,ff
786,lag_ff,0.972,lag,ff
787,lag_ff,0.951,lag,ff
788,lag_ff,0.933,lag,ff
789,lag_ff,0.956,lag,ff
790,lag_ff,0.979,lag,ff
791,lag_ff,0.967,lag,ff
792,lag_ff,0.923,lag,ff
793,lag_ff,0.975,lag,ff
794,lag_ff,0.976,lag,ff
795,lag_ff,0.981,lag,ff
796,lag_ff,0.969,lag,ff
797,lag_ff,0.928,lag,ff
798,lag_ff,0.974,lag,ff
799,lag_ff,0.97,lag,ff
800,lag_ff,0.972,lag,ff
801,lag_ff,0.973,lag,ff
802,lag_ff,0.924,lag,ff
803,lag_ff,0.971,lag,ff
804,lag_ff,0.939,lag,ff
805,lag_ff,0.879,lag,ff
806,lag_ff,0.921,lag,ff
807,lag_ff,0.981,lag,ff
808,lag_ff,0.977,lag,ff
809,lag_ff,0.937,lag,ff
810,lag_ff,0.933,lag,ff
811,lag_ff,0.966,lag,ff
812,lag_ff,0.974,lag,ff
813,lag_ff,0.972,lag,ff
814,lag_ff,0.976,lag,ff
815,lag_ff,0.967,lag,ff
816,lag_ff,0.957,lag,ff
817,lag_ff,0.98,lag,ff
818,lag_ff,0.981,lag,ff
819,lag_ff,0.935,lag,ff
820,lag_ff,0.974,lag,ff
821,lag_ff,0.975,lag,ff
822,lag_ff,0.953,lag,ff
823,lag_ff,0.947,lag,ff
824,lag_ff,0.984,lag,ff
825,lag_ff,0.978,lag,ff
826,lag_ff,0.985,lag,ff
827,lag_ff,0.998,lag,ff
828,lag_ff,0.993,lag,ff
829,lag_ff,0.981,lag,ff
830,lag_ff,0.944,lag,ff
831,lag_ff,0.936,lag,ff
832,lag_ff,0.97,lag,ff
833,lag_ff,0.959,lag,ff
834,lag_ff,0.959,lag,ff
835,lag_ff,0.967,lag,ff
836,lag_ff,0.983,lag,ff
837,lag_ff,0.997,lag,ff
838,lag_ff,0.974,lag,ff
839,lag_ff,0.971,lag,ff
840,lag_ff,0.957,lag,ff
841,lag_ff,0.961,lag,ff
842,lag_ff,0.951,lag,ff
843,lag_ff,0.921,lag,ff
844,lag_ff,0.931,lag,ff
845,lag_ff,0.941,lag,ff
846,lag_ff,0.949,lag,ff
847,lag_ff,0.952,lag,ff
848,lag_ff,0.942,lag,ff
849,lag_ff,0.963,lag,ff
850,lag_ff,0.976,lag,ff
851,lag_ff,0.947,lag,ff
852,lag_ff,0.975,lag,ff
853,lag_ff,0.979,lag,ff
854,lag_ff,0.97,lag,ff
855,lag_ff,0.979,lag,ff
856,lag_ff,0.971,lag,ff
857,lag_ff,0.954,lag,ff
858,lag_ff,0.961,lag,ff
859,lag_ff,0.932,lag,ff
860,lag_ff,0.922,lag,ff
861,lag_ff,0.943,lag,ff
862,lag_ff,0.939,lag,ff
863,lag_ff,0.972,lag,ff
864,lag_ff,0.967,lag,ff
865,lag_ff,0.971,lag,ff
866,lag_ff,0.98,lag,ff
867,lag_ff,0.976,lag,ff
868,lag_ff,0.958,lag,ff
869,lag_ff,0.959,lag,ff
870,lag_ff,0.973,lag,ff
871,lag_ff,0.957,lag,ff
872,lag_ff,0.981,lag,ff
873,lag_ff,0.973,lag,ff
874,lag_ff,0.932,lag,ff
875,lag_ff,0.903,lag,ff
876,lag_ff,0.968,lag,ff
877,lag_ff,0.969,lag,ff
878,lag_ff,0.9,lag,ff
879,lag_ff,0.897,lag,ff
880,lag_ff,0.943,lag,ff
881,lag_ff,0.932,lag,ff
882,lag_ff,0.912,lag,ff
883,lag_ff,0.959,lag,ff
884,lag_ff,0.976,lag,ff
885,lag_ff,0.959,lag,ff
886,lag_ff,0.919,lag,ff
887,lag_ff,0.92,lag,ff
888,lag_ff,0.915,lag,ff
889,lag_ff,0.97,lag,ff
890,lag_ff,0.962,lag,ff
891,lag_ff,0.939,lag,ff
892,lag_ff,0.969,lag,ff
893,lag_ff,0.963,lag,ff
894,lag_ff,0.957,lag,ff
895,lag_ff,0.962,lag,ff
896,lag_ff,0.962,lag,ff
897,lag_ff,0.979,lag,ff
898,lag_ff,0.946,lag,ff
899,lag_ff,0.979,lag,ff
900,lag_ff,0.985,lag,ff
1,stoch_cf,1.011,stoch,cf
2,stoch_cf,1.004,stoch,cf
3,stoch_cf,1.009,stoch,cf
4,stoch_cf,0.995,stoch,cf
5,stoch_cf,1.039,stoch,cf
6,stoch_cf,1.005,stoch,cf
7,stoch_cf,0.994,stoch,cf
8,stoch_cf,1.014,stoch,cf
9,stoch_cf,0.974,stoch,cf
10,stoch_cf,1.003,stoch,cf
11,stoch_cf,1.006,stoch,cf
12,stoch_cf,0.973,stoch,cf
13,stoch_cf,1.015,stoch,cf
14,stoch_cf,0.962,stoch,cf
15,stoch_cf,1.013,stoch,cf
16,stoch_cf,0.969,stoch,cf
17,stoch_cf,0.993,stoch,cf
18,stoch_cf,0.972,stoch,cf
19,stoch_cf,0.976,stoch,cf
20,stoch_cf,0.967,stoch,cf
21,stoch_cf,0.979,stoch,cf
22,stoch_cf,0.981,stoch,cf
23,stoch_cf,0.985,stoch,cf
24,stoch_cf,0.966,stoch,cf
25,stoch_cf,0.976,stoch,cf
26,stoch_cf,0.984,stoch,cf
27,stoch_cf,0.988,stoch,cf
28,stoch_cf,0.989,stoch,cf
29,stoch_cf,1,stoch,cf
30,stoch_cf,0.973,stoch,cf
31,stoch_cf,0.966,stoch,cf
32,stoch_cf,1.007,stoch,cf
33,stoch_cf,0.992,stoch,cf
34,stoch_cf,0.992,stoch,cf
35,stoch_cf,0.992,stoch,cf
36,stoch_cf,1.012,stoch,cf
37,stoch_cf,0.997,stoch,cf
38,stoch_cf,0.996,stoch,cf
39,stoch_cf,0.992,stoch,cf
40,stoch_cf,0.987,stoch,cf
41,stoch_cf,1,stoch,cf
42,stoch_cf,0.994,stoch,cf
43,stoch_cf,0.973,stoch,cf
44,stoch_cf,0.993,stoch,cf
45,stoch_cf,0.967,stoch,cf
46,stoch_cf,1.001,stoch,cf
47,stoch_cf,1.004,stoch,cf
48,stoch_cf,0.984,stoch,cf
49,stoch_cf,0.984,stoch,cf
50,stoch_cf,0.997,stoch,cf
51,stoch_cf,1.007,stoch,cf
52,stoch_cf,1.007,stoch,cf
53,stoch_cf,0.974,stoch,cf
54,stoch_cf,1.007,stoch,cf
55,stoch_cf,0.985,stoch,cf
56,stoch_cf,1.01,stoch,cf
57,stoch_cf,0.994,stoch,cf
58,stoch_cf,0.999,stoch,cf
59,stoch_cf,1.011,stoch,cf
60,stoch_cf,1.005,stoch,cf
61,stoch_cf,0.992,stoch,cf
62,stoch_cf,1.014,stoch,cf
63,stoch_cf,1.011,stoch,cf
64,stoch_cf,1.014,stoch,cf
65,stoch_cf,1.034,stoch,cf
66,stoch_cf,1.009,stoch,cf
67,stoch_cf,0.983,stoch,cf
68,stoch_cf,0.977,stoch,cf
69,stoch_cf,0.988,stoch,cf
70,stoch_cf,0.987,stoch,cf
71,stoch_cf,0.992,stoch,cf
72,stoch_cf,1.007,stoch,cf
73,stoch_cf,1.002,stoch,cf
74,stoch_cf,1.012,stoch,cf
75,stoch_cf,1.009,stoch,cf
76,stoch_cf,0.996,stoch,cf
77,stoch_cf,1.011,stoch,cf
78,stoch_cf,1.001,stoch,cf
79,stoch_cf,0.987,stoch,cf
80,stoch_cf,0.993,stoch,cf
81,stoch_cf,0.993,stoch,cf
82,stoch_cf,0.989,stoch,cf
83,stoch_cf,1.019,stoch,cf
84,stoch_cf,0.988,stoch,cf
85,stoch_cf,1.004,stoch,cf
86,stoch_cf,0.987,stoch,cf
87,stoch_cf,1.014,stoch,cf
88,stoch_cf,0.998,stoch,cf
89,stoch_cf,1.029,stoch,cf
90,stoch_cf,0.988,stoch,cf
91,stoch_cf,0.971,stoch,cf
92,stoch_cf,1.014,stoch,cf
93,stoch_cf,0.982,stoch,cf
94,stoch_cf,1.009,stoch,cf
95,stoch_cf,0.986,stoch,cf
96,stoch_cf,0.995,stoch,cf
97,stoch_cf,0.971,stoch,cf
98,stoch_cf,0.971,stoch,cf
99,stoch_cf,0.978,stoch,cf
100,stoch_cf,0.994,stoch,cf
101,stoch_cf,0.981,stoch,cf
102,stoch_cf,0.995,stoch,cf
103,stoch_cf,0.975,stoch,cf
104,stoch_cf,0.98,stoch,cf
105,stoch_cf,0.957,stoch,cf
106,stoch_cf,0.979,stoch,cf
107,stoch_cf,0.956,stoch,cf
108,stoch_cf,1.001,stoch,cf
109,stoch_cf,0.982,stoch,cf
110,stoch_cf,0.978,stoch,cf
111,stoch_cf,0.972,stoch,cf
112,stoch_cf,0.993,stoch,cf
113,stoch_cf,1.001,stoch,cf
114,stoch_cf,1,stoch,cf
115,stoch_cf,1.003,stoch,cf
116,stoch_cf,1.021,stoch,cf
117,stoch_cf,1.001,stoch,cf
118,stoch_cf,0.985,stoch,cf
119,stoch_cf,1.023,stoch,cf
120,stoch_cf,0.976,stoch,cf
121,stoch_cf,0.97,stoch,cf
122,stoch_cf,0.999,stoch,cf
123,stoch_cf,0.978,stoch,cf
124,stoch_cf,0.991,stoch,cf
125,stoch_cf,0.998,stoch,cf
126,stoch_cf,0.979,stoch,cf
127,stoch_cf,0.995,stoch,cf
128,stoch_cf,0.966,stoch,cf
129,stoch_cf,0.99,stoch,cf
130,stoch_cf,0.956,stoch,cf
131,stoch_cf,0.994,stoch,cf
132,stoch_cf,0.994,stoch,cf
133,stoch_cf,0.989,stoch,cf
134,stoch_cf,1.002,stoch,cf
135,stoch_cf,0.989,stoch,cf
136,stoch_cf,0.983,stoch,cf
137,stoch_cf,1.01,stoch,cf
138,stoch_cf,1.008,stoch,cf
139,stoch_cf,1.002,stoch,cf
140,stoch_cf,1.003,stoch,cf
141,stoch_cf,1.015,stoch,cf
142,stoch_cf,1.011,stoch,cf
143,stoch_cf,0.993,stoch,cf
144,stoch_cf,0.985,stoch,cf
145,stoch_cf,1.007,stoch,cf
146,stoch_cf,0.985,stoch,cf
147,stoch_cf,0.989,stoch,cf
148,stoch_cf,0.997,stoch,cf
149,stoch_cf,0.967,stoch,cf
150,stoch_cf,1.006,stoch,cf
151,stoch_cf,1.003,stoch,cf
152,stoch_cf,1.017,stoch,cf
153,stoch_cf,1.008,stoch,cf
154,stoch_cf,1.003,stoch,cf
155,stoch_cf,0.989,stoch,cf
156,stoch_cf,1.006,stoch,cf
157,stoch_cf,0.996,stoch,cf
158,stoch_cf,0.998,stoch,cf
159,stoch_cf,1.002,stoch,cf
160,stoch_cf,0.968,stoch,cf
161,stoch_cf,0.971,stoch,cf
162,stoch_cf,1.001,stoch,cf
163,stoch_cf,0.994,stoch,cf
164,stoch_cf,0.986,stoch,cf
165,stoch_cf,0.972,stoch,cf
166,stoch_cf,0.99,stoch,cf
167,stoch_cf,0.966,stoch,cf
168,stoch_cf,1.001,stoch,cf
169,stoch_cf,0.98,stoch,cf
170,stoch_cf,1,stoch,cf
171,stoch_cf,1,stoch,cf
172,stoch_cf,0.995,stoch,cf
173,stoch_cf,0.983,stoch,cf
174,stoch_cf,1.001,stoch,cf
175,stoch_cf,0.992,stoch,cf
176,stoch_cf,0.996,stoch,cf
177,stoch_cf,0.975,stoch,cf
178,stoch_cf,0.986,stoch,cf
179,stoch_cf,0.989,stoch,cf
180,stoch_cf,1.001,stoch,cf
181,stoch_cf,0.978,stoch,cf
182,stoch_cf,1.002,stoch,cf
183,stoch_cf,0.969,stoch,cf
184,stoch_cf,0.967,stoch,cf
185,stoch_cf,0.966,stoch,cf
186,stoch_cf,0.986,stoch,cf
187,stoch_cf,0.976,stoch,cf
188,stoch_cf,0.999,stoch,cf
189,stoch_cf,1,stoch,cf
190,stoch_cf,0.982,stoch,cf
191,stoch_cf,0.978,stoch,cf
192,stoch_cf,0.97,stoch,cf
193,stoch_cf,0.987,stoch,cf
194,stoch_cf,1.018,stoch,cf
195,stoch_cf,0.982,stoch,cf
196,stoch_cf,1.001,stoch,cf
197,stoch_cf,1.006,stoch,cf
198,stoch_cf,0.994,stoch,cf
199,stoch_cf,0.974,stoch,cf
200,stoch_cf,1.016,stoch,cf
201,stoch_cf,0.995,stoch,cf
202,stoch_cf,0.987,stoch,cf
203,stoch_cf,0.998,stoch,cf
204,stoch_cf,0.969,stoch,cf
205,stoch_cf,0.983,stoch,cf
206,stoch_cf,1,stoch,cf
207,stoch_cf,0.997,stoch,cf
208,stoch_cf,0.986,stoch,cf
209,stoch_cf,0.996,stoch,cf
210,stoch_cf,0.956,stoch,cf
211,stoch_cf,0.986,stoch,cf
212,stoch_cf,0.995,stoch,cf
213,stoch_cf,0.967,stoch,cf
214,stoch_cf,1.005,stoch,cf
215,stoch_cf,0.994,stoch,cf
216,stoch_cf,0.976,stoch,cf
217,stoch_cf,1.019,stoch,cf
218,stoch_cf,0.994,stoch,cf
219,stoch_cf,0.993,stoch,cf
220,stoch_cf,0.992,stoch,cf
221,stoch_cf,1,stoch,cf
222,stoch_cf,1.004,stoch,cf
223,stoch_cf,0.999,stoch,cf
224,stoch_cf,0.984,stoch,cf
225,stoch_cf,1.001,stoch,cf
226,stoch_cf,0.98,stoch,cf
227,stoch_cf,1.023,stoch,cf
228,stoch_cf,1.006,stoch,cf
229,stoch_cf,0.982,stoch,cf
230,stoch_cf,0.996,stoch,cf
231,stoch_cf,1.006,stoch,cf
232,stoch_cf,1.006,stoch,cf
233,stoch_cf,1.001,stoch,cf
234,stoch_cf,1.005,stoch,cf
235,stoch_cf,0.988,stoch,cf
236,stoch_cf,1,stoch,cf
237,stoch_cf,0.998,stoch,cf
238,stoch_cf,0.959,stoch,cf
239,stoch_cf,1.001,stoch,cf
240,stoch_cf,0.991,stoch,cf
241,stoch_cf,0.998,stoch,cf
242,stoch_cf,0.988,stoch,cf
243,stoch_cf,0.976,stoch,cf
244,stoch_cf,1,stoch,cf
245,stoch_cf,0.988,stoch,cf
246,stoch_cf,0.986,stoch,cf
247,stoch_cf,0.981,stoch,cf
248,stoch_cf,0.982,stoch,cf
249,stoch_cf,0.994,stoch,cf
250,stoch_cf,0.968,stoch,cf
251,stoch_cf,0.958,stoch,cf
252,stoch_cf,0.98,stoch,cf
253,stoch_cf,0.959,stoch,cf
254,stoch_cf,0.988,stoch,cf
255,stoch_cf,0.971,stoch,cf
256,stoch_cf,1.001,stoch,cf
257,stoch_cf,0.982,stoch,cf
258,stoch_cf,0.986,stoch,cf
259,stoch_cf,1.001,stoch,cf
260,stoch_cf,0.985,stoch,cf
261,stoch_cf,0.992,stoch,cf
262,stoch_cf,0.971,stoch,cf
263,stoch_cf,0.98,stoch,cf
264,stoch_cf,0.975,stoch,cf
265,stoch_cf,0.962,stoch,cf
266,stoch_cf,1.003,stoch,cf
267,stoch_cf,0.967,stoch,cf
268,stoch_cf,0.974,stoch,cf
269,stoch_cf,0.976,stoch,cf
270,stoch_cf,1.006,stoch,cf
271,stoch_cf,0.997,stoch,cf
272,stoch_cf,0.986,stoch,cf
273,stoch_cf,0.984,stoch,cf
274,stoch_cf,0.985,stoch,cf
275,stoch_cf,1.005,stoch,cf
276,stoch_cf,0.994,stoch,cf
277,stoch_cf,0.971,stoch,cf
278,stoch_cf,0.984,stoch,cf
279,stoch_cf,0.959,stoch,cf
280,stoch_cf,1.005,stoch,cf
281,stoch_cf,0.978,stoch,cf
282,stoch_cf,0.996,stoch,cf
283,stoch_cf,0.99,stoch,cf
284,stoch_cf,1.001,stoch,cf
285,stoch_cf,0.978,stoch,cf
286,stoch_cf,1.002,stoch,cf
287,stoch_cf,0.984,stoch,cf
288,stoch_cf,0.988,stoch,cf
289,stoch_cf,0.975,stoch,cf
290,stoch_cf,0.982,stoch,cf
291,stoch_cf,0.973,stoch,cf
292,stoch_cf,0.974,stoch,cf
293,stoch_cf,0.971,stoch,cf
294,stoch_cf,0.98,stoch,cf
295,stoch_cf,0.956,stoch,cf
296,stoch_cf,0.985,stoch,cf
297,stoch_cf,0.979,stoch,cf
298,stoch_cf,0.984,stoch,cf
299,stoch_cf,0.976,stoch,cf
300,stoch_cf,0.999,stoch,cf
301,stoch_cf,0.971,stoch,cf
302,stoch_cf,1.006,stoch,cf
303,stoch_cf,1.004,stoch,cf
304,stoch_cf,0.995,stoch,cf
305,stoch_cf,1.005,stoch,cf
306,stoch_cf,0.996,stoch,cf
307,stoch_cf,1.008,stoch,cf
308,stoch_cf,0.994,stoch,cf
309,stoch_cf,1.002,stoch,cf
310,stoch_cf,0.998,stoch,cf
311,stoch_cf,0.997,stoch,cf
312,stoch_cf,0.978,stoch,cf
313,stoch_cf,0.99,stoch,cf
314,stoch_cf,0.989,stoch,cf
315,stoch_cf,1.017,stoch,cf
316,stoch_cf,0.993,stoch,cf
317,stoch_cf,0.998,stoch,cf
318,stoch_cf,0.992,stoch,cf
319,stoch_cf,0.98,stoch,cf
320,stoch_cf,0.995,stoch,cf
321,stoch_cf,0.973,stoch,cf
322,stoch_cf,1.01,stoch,cf
323,stoch_cf,1.005,stoch,cf
324,stoch_cf,1.008,stoch,cf
325,stoch_cf,1.02,stoch,cf
326,stoch_cf,1.026,stoch,cf
327,stoch_cf,0.998,stoch,cf
328,stoch_cf,0.99,stoch,cf
329,stoch_cf,1.026,stoch,cf
330,stoch_cf,0.975,stoch,cf
331,stoch_cf,1.013,stoch,cf
332,stoch_cf,1.007,stoch,cf
333,stoch_cf,1.02,stoch,cf
334,stoch_cf,1.024,stoch,cf
335,stoch_cf,0.996,stoch,cf
336,stoch_cf,0.962,stoch,cf
337,stoch_cf,0.988,stoch,cf
338,stoch_cf,0.998,stoch,cf
339,stoch_cf,0.976,stoch,cf
340,stoch_cf,0.998,stoch,cf
341,stoch_cf,1.002,stoch,cf
342,stoch_cf,0.986,stoch,cf
343,stoch_cf,0.999,stoch,cf
344,stoch_cf,0.989,stoch,cf
345,stoch_cf,1.013,stoch,cf
346,stoch_cf,0.982,stoch,cf
347,stoch_cf,0.998,stoch,cf
348,stoch_cf,1.011,stoch,cf
349,stoch_cf,0.988,stoch,cf
350,stoch_cf,0.999,stoch,cf
351,stoch_cf,0.994,stoch,cf
352,stoch_cf,0.992,stoch,cf
353,stoch_cf,0.988,stoch,cf
354,stoch_cf,0.998,stoch,cf
355,stoch_cf,0.982,stoch,cf
356,stoch_cf,0.949,stoch,cf
357,stoch_cf,0.96,stoch,cf
358,stoch_cf,0.964,stoch,cf
359,stoch_cf,1.007,stoch,cf
360,stoch_cf,1.002,stoch,cf
361,stoch_cf,0.996,stoch,cf
362,stoch_cf,0.995,stoch,cf
363,stoch_cf,0.996,stoch,cf
364,stoch_cf,0.988,stoch,cf
365,stoch_cf,0.965,stoch,cf
366,stoch_cf,0.994,stoch,cf
367,stoch_cf,0.992,stoch,cf
368,stoch_cf,1.003,stoch,cf
369,stoch_cf,0.997,stoch,cf
370,stoch_cf,0.981,stoch,cf
371,stoch_cf,1.007,stoch,cf
372,stoch_cf,0.993,stoch,cf
373,stoch_cf,0.98,stoch,cf
374,stoch_cf,0.979,stoch,cf
375,stoch_cf,0.98,stoch,cf
376,stoch_cf,0.981,stoch,cf
377,stoch_cf,0.985,stoch,cf
378,stoch_cf,0.981,stoch,cf
379,stoch_cf,0.991,stoch,cf
380,stoch_cf,0.972,stoch,cf
381,stoch_cf,0.96,stoch,cf
382,stoch_cf,0.981,stoch,cf
383,stoch_cf,0.99,stoch,cf
384,stoch_cf,0.949,stoch,cf
385,stoch_cf,0.977,stoch,cf
386,stoch_cf,0.992,stoch,cf
387,stoch_cf,0.983,stoch,cf
388,stoch_cf,0.978,stoch,cf
389,stoch_cf,0.993,stoch,cf
390,stoch_cf,0.983,stoch,cf
391,stoch_cf,0.998,stoch,cf
392,stoch_cf,1.002,stoch,cf
393,stoch_cf,0.99,stoch,cf
394,stoch_cf,0.983,stoch,cf
395,stoch_cf,0.975,stoch,cf
396,stoch_cf,1.01,stoch,cf
397,stoch_cf,0.987,stoch,cf
398,stoch_cf,0.98,stoch,cf
399,stoch_cf,0.977,stoch,cf
400,stoch_cf,0.995,stoch,cf
401,stoch_cf,0.989,stoch,cf
402,stoch_cf,0.975,stoch,cf
403,stoch_cf,0.994,stoch,cf
404,stoch_cf,0.975,stoch,cf
405,stoch_cf,0.998,stoch,cf
406,stoch_cf,0.99,stoch,cf
407,stoch_cf,0.985,stoch,cf
408,stoch_cf,1.002,stoch,cf
409,stoch_cf,0.978,stoch,cf
410,stoch_cf,0.969,stoch,cf
411,stoch_cf,0.943,stoch,cf
412,stoch_cf,0.954,stoch,cf
413,stoch_cf,0.99,stoch,cf
414,stoch_cf,0.967,stoch,cf
415,stoch_cf,0.989,stoch,cf
416,stoch_cf,1.003,stoch,cf
417,stoch_cf,0.967,stoch,cf
418,stoch_cf,1.01,stoch,cf
419,stoch_cf,1.001,stoch,cf
420,stoch_cf,0.977,stoch,cf
421,stoch_cf,0.975,stoch,cf
422,stoch_cf,0.975,stoch,cf
423,stoch_cf,0.992,stoch,cf
424,stoch_cf,0.978,stoch,cf
425,stoch_cf,0.991,stoch,cf
426,stoch_cf,0.991,stoch,cf
427,stoch_cf,1.014,stoch,cf
428,stoch_cf,0.971,stoch,cf
429,stoch_cf,0.996,stoch,cf
430,stoch_cf,0.979,stoch,cf
431,stoch_cf,0.994,stoch,cf
432,stoch_cf,0.972,stoch,cf
433,stoch_cf,0.978,stoch,cf
434,stoch_cf,0.99,stoch,cf
435,stoch_cf,0.969,stoch,cf
436,stoch_cf,0.997,stoch,cf
437,stoch_cf,0.995,stoch,cf
438,stoch_cf,0.997,stoch,cf
439,stoch_cf,0.972,stoch,cf
440,stoch_cf,0.992,stoch,cf
441,stoch_cf,0.998,stoch,cf
442,stoch_cf,1.008,stoch,cf
443,stoch_cf,1.015,stoch,cf
444,stoch_cf,0.98,stoch,cf
445,stoch_cf,0.971,stoch,cf
446,stoch_cf,1.013,stoch,cf
447,stoch_cf,0.998,stoch,cf
448,stoch_cf,0.99,stoch,cf
449,stoch_cf,1.032,stoch,cf
450,stoch_cf,0.984,stoch,cf
451,stoch_cf,1,stoch,cf
452,stoch_cf,0.982,stoch,cf
453,stoch_cf,0.991,stoch,cf
454,stoch_cf,0.979,stoch,cf
455,stoch_cf,0.998,stoch,cf
456,stoch_cf,1,stoch,cf
457,stoch_cf,0.978,stoch,cf
458,stoch_cf,0.983,stoch,cf
459,stoch_cf,1,stoch,cf
460,stoch_cf,1.003,stoch,cf
461,stoch_cf,1.011,stoch,cf
462,stoch_cf,0.997,stoch,cf
463,stoch_cf,0.996,stoch,cf
464,stoch_cf,1.011,stoch,cf
465,stoch_cf,0.992,stoch,cf
466,stoch_cf,0.989,stoch,cf
467,stoch_cf,0.994,stoch,cf
468,stoch_cf,1.002,stoch,cf
469,stoch_cf,1.01,stoch,cf
470,stoch_cf,1.032,stoch,cf
471,stoch_cf,0.992,stoch,cf
472,stoch_cf,1.01,stoch,cf
473,stoch_cf,0.99,stoch,cf
474,stoch_cf,0.992,stoch,cf
475,stoch_cf,1.026,stoch,cf
476,stoch_cf,0.973,stoch,cf
477,stoch_cf,0.97,stoch,cf
478,stoch_cf,0.961,stoch,cf
479,stoch_cf,0.98,stoch,cf
480,stoch_cf,1.008,stoch,cf
481,stoch_cf,0.983,stoch,cf
482,stoch_cf,0.969,stoch,cf
483,stoch_cf,1.001,stoch,cf
484,stoch_cf,0.957,stoch,cf
485,stoch_cf,0.968,stoch,cf
486,stoch_cf,0.948,stoch,cf
487,stoch_cf,0.968,stoch,cf
488,stoch_cf,0.962,stoch,cf
489,stoch_cf,0.954,stoch,cf
490,stoch_cf,0.988,stoch,cf
491,stoch_cf,0.974,stoch,cf
492,stoch_cf,0.988,stoch,cf
493,stoch_cf,0.981,stoch,cf
494,stoch_cf,0.985,stoch,cf
495,stoch_cf,0.993,stoch,cf
496,stoch_cf,0.993,stoch,cf
497,stoch_cf,0.961,stoch,cf
498,stoch_cf,1.002,stoch,cf
499,stoch_cf,0.96,stoch,cf
500,stoch_cf,0.995,stoch,cf
501,stoch_cf,0.998,stoch,cf
502,stoch_cf,1.007,stoch,cf
503,stoch_cf,0.983,stoch,cf
504,stoch_cf,0.991,stoch,cf
505,stoch_cf,1.005,stoch,cf
506,stoch_cf,1.007,stoch,cf
507,stoch_cf,1.004,stoch,cf
508,stoch_cf,1.003,stoch,cf
509,stoch_cf,0.982,stoch,cf
510,stoch_cf,0.999,stoch,cf
511,stoch_cf,1.011,stoch,cf
512,stoch_cf,0.998,stoch,cf
513,stoch_cf,0.985,stoch,cf
514,stoch_cf,1.006,stoch,cf
515,stoch_cf,1.008,stoch,cf
516,stoch_cf,0.99,stoch,cf
517,stoch_cf,1.02,stoch,cf
518,stoch_cf,1.011,stoch,cf
519,stoch_cf,0.985,stoch,cf
520,stoch_cf,1.005,stoch,cf
521,stoch_cf,0.973,stoch,cf
522,stoch_cf,0.998,stoch,cf
523,stoch_cf,1.006,stoch,cf
524,stoch_cf,0.982,stoch,cf
525,stoch_cf,1.022,stoch,cf
526,stoch_cf,1.006,stoch,cf
527,stoch_cf,0.997,stoch,cf
528,stoch_cf,0.987,stoch,cf
529,stoch_cf,0.991,stoch,cf
530,stoch_cf,1.01,stoch,cf
531,stoch_cf,1.023,stoch,cf
532,stoch_cf,1.005,stoch,cf
533,stoch_cf,0.973,stoch,cf
534,stoch_cf,0.987,stoch,cf
535,stoch_cf,1.014,stoch,cf
536,stoch_cf,0.986,stoch,cf
537,stoch_cf,1.008,stoch,cf
538,stoch_cf,0.966,stoch,cf
539,stoch_cf,0.991,stoch,cf
540,stoch_cf,1.026,stoch,cf
541,stoch_cf,0.984,stoch,cf
542,stoch_cf,0.995,stoch,cf
543,stoch_cf,1.016,stoch,cf
544,stoch_cf,1.003,stoch,cf
545,stoch_cf,1.006,stoch,cf
546,stoch_cf,0.992,stoch,cf
547,stoch_cf,0.996,stoch,cf
548,stoch_cf,0.996,stoch,cf
549,stoch_cf,0.971,stoch,cf
550,stoch_cf,0.968,stoch,cf
551,stoch_cf,1.011,stoch,cf
552,stoch_cf,1.009,stoch,cf
553,stoch_cf,0.997,stoch,cf
554,stoch_cf,0.989,stoch,cf
555,stoch_cf,1.002,stoch,cf
556,stoch_cf,1.003,stoch,cf
557,stoch_cf,0.997,stoch,cf
558,stoch_cf,0.999,stoch,cf
559,stoch_cf,1.004,stoch,cf
560,stoch_cf,0.995,stoch,cf
561,stoch_cf,0.989,stoch,cf
562,stoch_cf,1.011,stoch,cf
563,stoch_cf,0.973,stoch,cf
564,stoch_cf,0.988,stoch,cf
565,stoch_cf,0.967,stoch,cf
566,stoch_cf,0.989,stoch,cf
567,stoch_cf,0.959,stoch,cf
568,stoch_cf,0.981,stoch,cf
569,stoch_cf,0.987,stoch,cf
570,stoch_cf,0.954,stoch,cf
571,stoch_cf,0.98,stoch,cf
572,stoch_cf,0.972,stoch,cf
573,stoch_cf,0.951,stoch,cf
574,stoch_cf,0.981,stoch,cf
575,stoch_cf,0.998,stoch,cf
576,stoch_cf,0.993,stoch,cf
577,stoch_cf,0.981,stoch,cf
578,stoch_cf,0.983,stoch,cf
579,stoch_cf,1.002,stoch,cf
580,stoch_cf,1.018,stoch,cf
581,stoch_cf,0.974,stoch,cf
582,stoch_cf,0.988,stoch,cf
583,stoch_cf,1.006,stoch,cf
584,stoch_cf,1.025,stoch,cf
585,stoch_cf,1.01,stoch,cf
586,stoch_cf,1.009,stoch,cf
587,stoch_cf,0.989,stoch,cf
588,stoch_cf,0.988,stoch,cf
589,stoch_cf,1.014,stoch,cf
590,stoch_cf,1.002,stoch,cf
591,stoch_cf,1.008,stoch,cf
592,stoch_cf,1,stoch,cf
593,stoch_cf,0.999,stoch,cf
594,stoch_cf,1,stoch,cf
595,stoch_cf,0.967,stoch,cf
596,stoch_cf,1.004,stoch,cf
597,stoch_cf,0.985,stoch,cf
598,stoch_cf,1.007,stoch,cf
599,stoch_cf,1,stoch,cf
600,stoch_cf,0.989,stoch,cf
601,stoch_cf,0.988,stoch,cf
602,stoch_cf,0.975,stoch,cf
603,stoch_cf,0.975,stoch,cf
604,stoch_cf,0.993,stoch,cf
605,stoch_cf,0.971,stoch,cf
606,stoch_cf,0.987,stoch,cf
607,stoch_cf,0.999,stoch,cf
608,stoch_cf,0.99,stoch,cf
609,stoch_cf,0.979,stoch,cf
610,stoch_cf,1.003,stoch,cf
611,stoch_cf,1.021,stoch,cf
612,stoch_cf,1,stoch,cf
613,stoch_cf,0.97,stoch,cf
614,stoch_cf,0.993,stoch,cf
615,stoch_cf,0.985,stoch,cf
616,stoch_cf,1,stoch,cf
617,stoch_cf,0.994,stoch,cf
618,stoch_cf,0.98,stoch,cf
619,stoch_cf,0.999,stoch,cf
620,stoch_cf,0.987,stoch,cf
621,stoch_cf,0.979,stoch,cf
622,stoch_cf,0.996,stoch,cf
623,stoch_cf,0.968,stoch,cf
624,stoch_cf,0.984,stoch,cf
625,stoch_cf,1.01,stoch,cf
626,stoch_cf,0.984,stoch,cf
627,stoch_cf,1.003,stoch,cf
628,stoch_cf,0.968,stoch,cf
629,stoch_cf,0.968,stoch,cf
630,stoch_cf,0.991,stoch,cf
631,stoch_cf,0.966,stoch,cf
632,stoch_cf,0.968,stoch,cf
633,stoch_cf,0.969,stoch,cf
634,stoch_cf,1,stoch,cf
635,stoch_cf,0.99,stoch,cf
636,stoch_cf,0.993,stoch,cf
637,stoch_cf,1.023,stoch,cf
638,stoch_cf,0.989,stoch,cf
639,stoch_cf,1.018,stoch,cf
640,stoch_cf,0.99,stoch,cf
641,stoch_cf,0.981,stoch,cf
642,stoch_cf,1.002,stoch,cf
643,stoch_cf,0.987,stoch,cf
644,stoch_cf,0.99,stoch,cf
645,stoch_cf,1.005,stoch,cf
646,stoch_cf,0.979,stoch,cf
647,stoch_cf,0.989,stoch,cf
648,stoch_cf,1.002,stoch,cf
649,stoch_cf,0.985,stoch,cf
650,stoch_cf,0.998,stoch,cf
651,stoch_cf,0.978,stoch,cf
652,stoch_cf,1.007,stoch,cf
653,stoch_cf,0.99,stoch,cf
654,stoch_cf,1.013,stoch,cf
655,stoch_cf,0.996,stoch,cf
656,stoch_cf,1.014,stoch,cf
657,stoch_cf,1,stoch,cf
658,stoch_cf,0.979,stoch,cf
659,stoch_cf,1.008,stoch,cf
660,stoch_cf,0.988,stoch,cf
661,stoch_cf,0.983,stoch,cf
662,stoch_cf,1.005,stoch,cf
663,stoch_cf,1.007,stoch,cf
664,stoch_cf,0.987,stoch,cf
665,stoch_cf,0.996,stoch,cf
666,stoch_cf,1,stoch,cf
667,stoch_cf,1.011,stoch,cf
668,stoch_cf,1.004,stoch,cf
669,stoch_cf,0.978,stoch,cf
670,stoch_cf,1.011,stoch,cf
671,stoch_cf,0.998,stoch,cf
672,stoch_cf,1.001,stoch,cf
673,stoch_cf,0.996,stoch,cf
674,stoch_cf,0.995,stoch,cf
675,stoch_cf,1.03,stoch,cf
676,stoch_cf,1.008,stoch,cf
677,stoch_cf,1.001,stoch,cf
678,stoch_cf,1.005,stoch,cf
679,stoch_cf,0.99,stoch,cf
680,stoch_cf,0.997,stoch,cf
681,stoch_cf,0.968,stoch,cf
682,stoch_cf,0.964,stoch,cf
683,stoch_cf,0.984,stoch,cf
684,stoch_cf,1.013,stoch,cf
685,stoch_cf,0.96,stoch,cf
686,stoch_cf,1.007,stoch,cf
687,stoch_cf,0.974,stoch,cf
688,stoch_cf,0.989,stoch,cf
689,stoch_cf,1.011,stoch,cf
690,stoch_cf,0.997,stoch,cf
691,stoch_cf,0.983,stoch,cf
692,stoch_cf,0.999,stoch,cf
693,stoch_cf,0.976,stoch,cf
694,stoch_cf,0.997,stoch,cf
695,stoch_cf,0.959,stoch,cf
696,stoch_cf,0.986,stoch,cf
697,stoch_cf,1.007,stoch,cf
698,stoch_cf,0.997,stoch,cf
699,stoch_cf,1.001,stoch,cf
700,stoch_cf,1.004,stoch,cf
701,stoch_cf,0.977,stoch,cf
702,stoch_cf,1.007,stoch,cf
703,stoch_cf,0.985,stoch,cf
704,stoch_cf,1.021,stoch,cf
705,stoch_cf,1,stoch,cf
706,stoch_cf,1.027,stoch,cf
707,stoch_cf,0.966,stoch,cf
708,stoch_cf,1.006,stoch,cf
709,stoch_cf,1.004,stoch,cf
710,stoch_cf,0.994,stoch,cf
711,stoch_cf,1.016,stoch,cf
712,stoch_cf,0.983,stoch,cf
713,stoch_cf,0.997,stoch,cf
714,stoch_cf,0.981,stoch,cf
715,stoch_cf,0.986,stoch,cf
716,stoch_cf,0.973,stoch,cf
717,stoch_cf,0.998,stoch,cf
718,stoch_cf,1,stoch,cf
719,stoch_cf,0.982,stoch,cf
720,stoch_cf,1.018,stoch,cf
721,stoch_cf,0.992,stoch,cf
722,stoch_cf,1.024,stoch,cf
723,stoch_cf,0.997,stoch,cf
724,stoch_cf,0.993,stoch,cf
725,stoch_cf,1.036,stoch,cf
726,stoch_cf,0.991,stoch,cf
727,stoch_cf,1.016,stoch,cf
728,stoch_cf,0.971,stoch,cf
729,stoch_cf,0.973,stoch,cf
730,stoch_cf,0.977,stoch,cf
731,stoch_cf,0.978,stoch,cf
732,stoch_cf,1.004,stoch,cf
733,stoch_cf,0.977,stoch,cf
734,stoch_cf,0.985,stoch,cf
735,stoch_cf,0.971,stoch,cf
736,stoch_cf,0.986,stoch,cf
737,stoch_cf,0.984,stoch,cf
738,stoch_cf,1.016,stoch,cf
739,stoch_cf,0.991,stoch,cf
740,stoch_cf,0.971,stoch,cf
741,stoch_cf,0.988,stoch,cf
742,stoch_cf,0.962,stoch,cf
743,stoch_cf,0.98,stoch,cf
744,stoch_cf,1.007,stoch,cf
745,stoch_cf,0.988,stoch,cf
746,stoch_cf,0.98,stoch,cf
747,stoch_cf,0.965,stoch,cf
748,stoch_cf,0.993,stoch,cf
749,stoch_cf,0.997,stoch,cf
750,stoch_cf,1.001,stoch,cf
751,stoch_cf,1.017,stoch,cf
752,stoch_cf,0.995,stoch,cf
753,stoch_cf,0.993,stoch,cf
754,stoch_cf,0.996,stoch,cf
755,stoch_cf,0.989,stoch,cf
756,stoch_cf,1.008,stoch,cf
757,stoch_cf,0.996,stoch,cf
758,stoch_cf,0.999,stoch,cf
759,stoch_cf,0.981,stoch,cf
760,stoch_cf,0.984,stoch,cf
761,stoch_cf,1.003,stoch,cf
762,stoch_cf,0.992,stoch,cf
763,stoch_cf,0.996,stoch,cf
764,stoch_cf,0.988,stoch,cf
765,stoch_cf,1.008,stoch,cf
766,stoch_cf,0.983,stoch,cf
767,stoch_cf,0.985,stoch,cf
768,stoch_cf,0.986,stoch,cf
769,stoch_cf,0.973,stoch,cf
770,stoch_cf,0.941,stoch,cf
771,stoch_cf,0.975,stoch,cf
772,stoch_cf,0.955,stoch,cf
773,stoch_cf,0.972,stoch,cf
774,stoch_cf,0.995,stoch,cf
775,stoch_cf,0.988,stoch,cf
776,stoch_cf,1.017,stoch,cf
777,stoch_cf,0.972,stoch,cf
778,stoch_cf,0.994,stoch,cf
779,stoch_cf,0.993,stoch,cf
780,stoch_cf,0.983,stoch,cf
781,stoch_cf,0.992,stoch,cf
782,stoch_cf,0.987,stoch,cf
783,stoch_cf,1.007,stoch,cf
784,stoch_cf,1.011,stoch,cf
785,stoch_cf,1.009,stoch,cf
786,stoch_cf,0.989,stoch,cf
787,stoch_cf,1.027,stoch,cf
788,stoch_cf,0.978,stoch,cf
789,stoch_cf,0.976,stoch,cf
790,stoch_cf,1.021,stoch,cf
791,stoch_cf,0.992,stoch,cf
792,stoch_cf,0.985,stoch,cf
793,stoch_cf,1.007,stoch,cf
794,stoch_cf,0.977,stoch,cf
795,stoch_cf,1.028,stoch,cf
796,stoch_cf,0.997,stoch,cf
797,stoch_cf,0.996,stoch,cf
798,stoch_cf,1.002,stoch,cf
799,stoch_cf,0.992,stoch,cf
800,stoch_cf,1.005,stoch,cf
801,stoch_cf,0.999,stoch,cf
802,stoch_cf,0.993,stoch,cf
803,stoch_cf,1.023,stoch,cf
804,stoch_cf,1.013,stoch,cf
805,stoch_cf,1,stoch,cf
806,stoch_cf,1.009,stoch,cf
807,stoch_cf,0.99,stoch,cf
808,stoch_cf,1.024,stoch,cf
809,stoch_cf,0.992,stoch,cf
810,stoch_cf,0.998,stoch,cf
811,stoch_cf,0.98,stoch,cf
812,stoch_cf,1,stoch,cf
813,stoch_cf,0.99,stoch,cf
814,stoch_cf,0.99,stoch,cf
815,stoch_cf,1.009,stoch,cf
816,stoch_cf,0.989,stoch,cf
817,stoch_cf,1.004,stoch,cf
818,stoch_cf,1.007,stoch,cf
819,stoch_cf,1.009,stoch,cf
820,stoch_cf,1.004,stoch,cf
821,stoch_cf,0.985,stoch,cf
822,stoch_cf,1.017,stoch,cf
823,stoch_cf,0.993,stoch,cf
824,stoch_cf,0.992,stoch,cf
825,stoch_cf,0.974,stoch,cf
826,stoch_cf,0.961,stoch,cf
827,stoch_cf,0.972,stoch,cf
828,stoch_cf,0.991,stoch,cf
829,stoch_cf,0.979,stoch,cf
830,stoch_cf,0.996,stoch,cf
831,stoch_cf,0.967,stoch,cf
832,stoch_cf,1.015,stoch,cf
833,stoch_cf,0.976,stoch,cf
834,stoch_cf,0.988,stoch,cf
835,stoch_cf,0.959,stoch,cf
836,stoch_cf,0.973,stoch,cf
837,stoch_cf,0.965,stoch,cf
838,stoch_cf,0.969,stoch,cf
839,stoch_cf,0.993,stoch,cf
840,stoch_cf,0.976,stoch,cf
841,stoch_cf,0.981,stoch,cf
842,stoch_cf,1.002,stoch,cf
843,stoch_cf,0.999,stoch,cf
844,stoch_cf,0.977,stoch,cf
845,stoch_cf,0.998,stoch,cf
846,stoch_cf,0.973,stoch,cf
847,stoch_cf,1.009,stoch,cf
848,stoch_cf,0.975,stoch,cf
849,stoch_cf,1.012,stoch,cf
850,stoch_cf,0.971,stoch,cf
851,stoch_cf,0.971,stoch,cf
852,stoch_cf,0.97,stoch,cf
853,stoch_cf,0.998,stoch,cf
854,stoch_cf,0.988,stoch,cf
855,stoch_cf,0.989,stoch,cf
856,stoch_cf,1.002,stoch,cf
857,stoch_cf,1.005,stoch,cf
858,stoch_cf,1.001,stoch,cf
859,stoch_cf,0.982,stoch,cf
860,stoch_cf,0.997,stoch,cf
861,stoch_cf,1.006,stoch,cf
862,stoch_cf,0.995,stoch,cf
863,stoch_cf,1.005,stoch,cf
864,stoch_cf,0.959,stoch,cf
865,stoch_cf,1.004,stoch,cf
866,stoch_cf,0.982,stoch,cf
867,stoch_cf,1,stoch,cf
868,stoch_cf,0.99,stoch,cf
869,stoch_cf,1.024,stoch,cf
870,stoch_cf,0.969,stoch,cf
871,stoch_cf,1.009,stoch,cf
872,stoch_cf,0.99,stoch,cf
873,stoch_cf,0.991,stoch,cf
874,stoch_cf,0.998,stoch,cf
875,stoch_cf,0.986,stoch,cf
876,stoch_cf,0.995,stoch,cf
877,stoch_cf,0.981,stoch,cf
878,stoch_cf,1.02,stoch,cf
879,stoch_cf,0.97,stoch,cf
880,stoch_cf,0.994,stoch,cf
881,stoch_cf,0.992,stoch,cf
882,stoch_cf,0.98,stoch,cf
883,stoch_cf,0.988,stoch,cf
884,stoch_cf,0.999,stoch,cf
885,stoch_cf,1.002,stoch,cf
886,stoch_cf,0.986,stoch,cf
887,stoch_cf,0.994,stoch,cf
888,stoch_cf,0.989,stoch,cf
889,stoch_cf,1.002,stoch,cf
890,stoch_cf,0.984,stoch,cf
891,stoch_cf,0.962,stoch,cf
892,stoch_cf,1.002,stoch,cf
893,stoch_cf,0.973,stoch,cf
894,stoch_cf,1.008,stoch,cf
895,stoch_cf,1.017,stoch,cf
896,stoch_cf,1.014,stoch,cf
897,stoch_cf,0.997,stoch,cf
898,stoch_cf,1.006,stoch,cf
899,stoch_cf,0.984,stoch,cf
900,stoch_cf,1.029,stoch,cf
1,stoch_ff,0.989,stoch,ff
2,stoch_ff,0.989,stoch,ff
3,stoch_ff,0.989,stoch,ff
4,stoch_ff,0.984,stoch,ff
5,stoch_ff,0.994,stoch,ff
6,stoch_ff,0.975,stoch,ff
7,stoch_ff,0.981,stoch,ff
8,stoch_ff,0.97,stoch,ff
9,stoch_ff,0.971,stoch,ff
10,stoch_ff,0.977,stoch,ff
11,stoch_ff,0.98,stoch,ff
12,stoch_ff,0.973,stoch,ff
13,stoch_ff,0.978,stoch,ff
14,stoch_ff,0.967,stoch,ff
15,stoch_ff,0.981,stoch,ff
16,stoch_ff,0.968,stoch,ff
17,stoch_ff,0.985,stoch,ff
18,stoch_ff,0.967,stoch,ff
19,stoch_ff,0.976,stoch,ff
20,stoch_ff,0.969,stoch,ff
21,stoch_ff,0.973,stoch,ff
22,stoch_ff,0.99,stoch,ff
23,stoch_ff,0.984,stoch,ff
24,stoch_ff,0.971,stoch,ff
25,stoch_ff,0.975,stoch,ff
26,stoch_ff,0.975,stoch,ff
27,stoch_ff,0.975,stoch,ff
28,stoch_ff,0.977,stoch,ff
29,stoch_ff,0.979,stoch,ff
30,stoch_ff,0.974,stoch,ff
31,stoch_ff,0.976,stoch,ff
32,stoch_ff,0.967,stoch,ff
33,stoch_ff,0.986,stoch,ff
34,stoch_ff,0.986,stoch,ff
35,stoch_ff,0.981,stoch,ff
36,stoch_ff,0.985,stoch,ff
37,stoch_ff,0.99,stoch,ff
38,stoch_ff,0.988,stoch,ff
39,stoch_ff,0.976,stoch,ff
40,stoch_ff,0.976,stoch,ff
41,stoch_ff,0.972,stoch,ff
42,stoch_ff,0.976,stoch,ff
43,stoch_ff,0.975,stoch,ff
44,stoch_ff,0.978,stoch,ff
45,stoch_ff,0.977,stoch,ff
46,stoch_ff,0.989,stoch,ff
47,stoch_ff,0.986,stoch,ff
48,stoch_ff,0.98,stoch,ff
49,stoch_ff,0.974,stoch,ff
50,stoch_ff,0.981,stoch,ff
51,stoch_ff,0.987,stoch,ff
52,stoch_ff,0.994,stoch,ff
53,stoch_ff,0.972,stoch,ff
54,stoch_ff,0.98,stoch,ff
55,stoch_ff,0.977,stoch,ff
56,stoch_ff,0.996,stoch,ff
57,stoch_ff,0.979,stoch,ff
58,stoch_ff,0.984,stoch,ff
59,stoch_ff,0.985,stoch,ff
60,stoch_ff,0.986,stoch,ff
61,stoch_ff,0.982,stoch,ff
62,stoch_ff,0.989,stoch,ff
63,stoch_ff,0.989,stoch,ff
64,stoch_ff,0.993,stoch,ff
65,stoch_ff,0.994,stoch,ff
66,stoch_ff,0.977,stoch,ff
67,stoch_ff,0.985,stoch,ff
68,stoch_ff,0.981,stoch,ff
69,stoch_ff,0.984,stoch,ff
70,stoch_ff,0.976,stoch,ff
71,stoch_ff,0.977,stoch,ff
72,stoch_ff,0.986,stoch,ff
73,stoch_ff,0.986,stoch,ff
74,stoch_ff,0.988,stoch,ff
75,stoch_ff,0.972,stoch,ff
76,stoch_ff,0.979,stoch,ff
77,stoch_ff,0.989,stoch,ff
78,stoch_ff,0.982,stoch,ff
79,stoch_ff,0.974,stoch,ff
80,stoch_ff,0.976,stoch,ff
81,stoch_ff,0.98,stoch,ff
82,stoch_ff,0.978,stoch,ff
83,stoch_ff,0.995,stoch,ff
84,stoch_ff,0.975,stoch,ff
85,stoch_ff,0.986,stoch,ff
86,stoch_ff,0.981,stoch,ff
87,stoch_ff,0.982,stoch,ff
88,stoch_ff,0.986,stoch,ff
89,stoch_ff,0.983,stoch,ff
90,stoch_ff,0.986,stoch,ff
91,stoch_ff,0.972,stoch,ff
92,stoch_ff,0.97,stoch,ff
93,stoch_ff,0.976,stoch,ff
94,stoch_ff,0.987,stoch,ff
95,stoch_ff,0.985,stoch,ff
96,stoch_ff,0.965,stoch,ff
97,stoch_ff,0.97,stoch,ff
98,stoch_ff,0.966,stoch,ff
99,stoch_ff,0.971,stoch,ff
100,stoch_ff,0.966,stoch,ff
101,stoch_ff,0.982,stoch,ff
102,stoch_ff,0.978,stoch,ff
103,stoch_ff,0.973,stoch,ff
104,stoch_ff,0.969,stoch,ff
105,stoch_ff,0.961,stoch,ff
106,stoch_ff,0.968,stoch,ff
107,stoch_ff,0.967,stoch,ff
108,stoch_ff,0.985,stoch,ff
109,stoch_ff,0.984,stoch,ff
110,stoch_ff,0.971,stoch,ff
111,stoch_ff,0.977,stoch,ff
112,stoch_ff,0.979,stoch,ff
113,stoch_ff,0.987,stoch,ff
114,stoch_ff,0.992,stoch,ff
115,stoch_ff,0.987,stoch,ff
116,stoch_ff,0.99,stoch,ff
117,stoch_ff,0.994,stoch,ff
118,stoch_ff,0.978,stoch,ff
119,stoch_ff,0.983,stoch,ff
120,stoch_ff,0.985,stoch,ff
121,stoch_ff,0.969,stoch,ff
122,stoch_ff,0.978,stoch,ff
123,stoch_ff,0.973,stoch,ff
124,stoch_ff,0.99,stoch,ff
125,stoch_ff,0.981,stoch,ff
126,stoch_ff,0.985,stoch,ff
127,stoch_ff,0.961,stoch,ff
128,stoch_ff,0.966,stoch,ff
129,stoch_ff,0.984,stoch,ff
130,stoch_ff,0.967,stoch,ff
131,stoch_ff,0.975,stoch,ff
132,stoch_ff,0.978,stoch,ff
133,stoch_ff,0.988,stoch,ff
134,stoch_ff,0.987,stoch,ff
135,stoch_ff,0.98,stoch,ff
136,stoch_ff,0.98,stoch,ff
137,stoch_ff,0.991,stoch,ff
138,stoch_ff,0.989,stoch,ff
139,stoch_ff,0.989,stoch,ff
140,stoch_ff,0.984,stoch,ff
141,stoch_ff,0.983,stoch,ff
142,stoch_ff,0.985,stoch,ff
143,stoch_ff,0.984,stoch,ff
144,stoch_ff,0.977,stoch,ff
145,stoch_ff,0.99,stoch,ff
146,stoch_ff,0.978,stoch,ff
147,stoch_ff,0.97,stoch,ff
148,stoch_ff,0.976,stoch,ff
149,stoch_ff,0.971,stoch,ff
150,stoch_ff,0.978,stoch,ff
151,stoch_ff,0.986,stoch,ff
152,stoch_ff,0.987,stoch,ff
153,stoch_ff,0.988,stoch,ff
154,stoch_ff,0.992,stoch,ff
155,stoch_ff,0.978,stoch,ff
156,stoch_ff,0.98,stoch,ff
157,stoch_ff,0.978,stoch,ff
158,stoch_ff,0.981,stoch,ff
159,stoch_ff,0.973,stoch,ff
160,stoch_ff,0.971,stoch,ff
161,stoch_ff,0.966,stoch,ff
162,stoch_ff,0.963,stoch,ff
163,stoch_ff,0.975,stoch,ff
164,stoch_ff,0.985,stoch,ff
165,stoch_ff,0.97,stoch,ff
166,stoch_ff,0.97,stoch,ff
167,stoch_ff,0.966,stoch,ff
168,stoch_ff,0.975,stoch,ff
169,stoch_ff,0.982,stoch,ff
170,stoch_ff,0.961,stoch,ff
171,stoch_ff,0.978,stoch,ff
172,stoch_ff,0.987,stoch,ff
173,stoch_ff,0.975,stoch,ff
174,stoch_ff,0.985,stoch,ff
175,stoch_ff,0.988,stoch,ff
176,stoch_ff,0.963,stoch,ff
177,stoch_ff,0.981,stoch,ff
178,stoch_ff,0.982,stoch,ff
179,stoch_ff,0.979,stoch,ff
180,stoch_ff,0.989,stoch,ff
181,stoch_ff,0.973,stoch,ff
182,stoch_ff,0.985,stoch,ff
183,stoch_ff,0.969,stoch,ff
184,stoch_ff,0.964,stoch,ff
185,stoch_ff,0.964,stoch,ff
186,stoch_ff,0.971,stoch,ff
187,stoch_ff,0.97,stoch,ff
188,stoch_ff,0.99,stoch,ff
189,stoch_ff,0.982,stoch,ff
190,stoch_ff,0.976,stoch,ff
191,stoch_ff,0.97,stoch,ff
192,stoch_ff,0.971,stoch,ff
193,stoch_ff,0.974,stoch,ff
194,stoch_ff,0.995,stoch,ff
195,stoch_ff,0.978,stoch,ff
196,stoch_ff,0.988,stoch,ff
197,stoch_ff,0.993,stoch,ff
198,stoch_ff,0.989,stoch,ff
199,stoch_ff,0.972,stoch,ff
200,stoch_ff,0.97,stoch,ff
201,stoch_ff,0.962,stoch,ff
202,stoch_ff,0.982,stoch,ff
203,stoch_ff,0.979,stoch,ff
204,stoch_ff,0.973,stoch,ff
205,stoch_ff,0.973,stoch,ff
206,stoch_ff,0.979,stoch,ff
207,stoch_ff,0.977,stoch,ff
208,stoch_ff,0.977,stoch,ff
209,stoch_ff,0.986,stoch,ff
210,stoch_ff,0.965,stoch,ff
211,stoch_ff,0.986,stoch,ff
212,stoch_ff,0.977,stoch,ff
213,stoch_ff,0.972,stoch,ff
214,stoch_ff,0.984,stoch,ff
215,stoch_ff,0.978,stoch,ff
216,stoch_ff,0.971,stoch,ff
217,stoch_ff,0.993,stoch,ff
218,stoch_ff,0.988,stoch,ff
219,stoch_ff,0.98,stoch,ff
220,stoch_ff,0.986,stoch,ff
221,stoch_ff,0.978,stoch,ff
222,stoch_ff,0.985,stoch,ff
223,stoch_ff,0.992,stoch,ff
224,stoch_ff,0.985,stoch,ff
225,stoch_ff,0.979,stoch,ff
226,stoch_ff,0.974,stoch,ff
227,stoch_ff,0.987,stoch,ff
228,stoch_ff,0.985,stoch,ff
229,stoch_ff,0.975,stoch,ff
230,stoch_ff,0.978,stoch,ff
231,stoch_ff,0.989,stoch,ff
232,stoch_ff,0.986,stoch,ff
233,stoch_ff,0.986,stoch,ff
234,stoch_ff,0.983,stoch,ff
235,stoch_ff,0.981,stoch,ff
236,stoch_ff,0.978,stoch,ff
237,stoch_ff,0.99,stoch,ff
238,stoch_ff,0.969,stoch,ff
239,stoch_ff,0.989,stoch,ff
240,stoch_ff,0.98,stoch,ff
241,stoch_ff,0.99,stoch,ff
242,stoch_ff,0.988,stoch,ff
243,stoch_ff,0.97,stoch,ff
244,stoch_ff,0.99,stoch,ff
245,stoch_ff,0.984,stoch,ff
246,stoch_ff,0.976,stoch,ff
247,stoch_ff,0.985,stoch,ff
248,stoch_ff,0.973,stoch,ff
249,stoch_ff,0.984,stoch,ff
250,stoch_ff,0.978,stoch,ff
251,stoch_ff,0.963,stoch,ff
252,stoch_ff,0.974,stoch,ff
253,stoch_ff,0.968,stoch,ff
254,stoch_ff,0.977,stoch,ff
255,stoch_ff,0.975,stoch,ff
256,stoch_ff,0.988,stoch,ff
257,stoch_ff,0.987,stoch,ff
258,stoch_ff,0.973,stoch,ff
259,stoch_ff,0.968,stoch,ff
260,stoch_ff,0.973,stoch,ff
261,stoch_ff,0.971,stoch,ff
262,stoch_ff,0.967,stoch,ff
263,stoch_ff,0.98,stoch,ff
264,stoch_ff,0.972,stoch,ff
265,stoch_ff,0.964,stoch,ff
266,stoch_ff,0.961,stoch,ff
267,stoch_ff,0.976,stoch,ff
268,stoch_ff,0.966,stoch,ff
269,stoch_ff,0.971,stoch,ff
270,stoch_ff,0.97,stoch,ff
271,stoch_ff,0.963,stoch,ff
272,stoch_ff,0.976,stoch,ff
273,stoch_ff,0.983,stoch,ff
274,stoch_ff,0.976,stoch,ff
275,stoch_ff,0.967,stoch,ff
276,stoch_ff,0.961,stoch,ff
277,stoch_ff,0.978,stoch,ff
278,stoch_ff,0.981,stoch,ff
279,stoch_ff,0.97,stoch,ff
280,stoch_ff,0.965,stoch,ff
281,stoch_ff,0.972,stoch,ff
282,stoch_ff,0.972,stoch,ff
283,stoch_ff,0.984,stoch,ff
284,stoch_ff,0.981,stoch,ff
285,stoch_ff,0.973,stoch,ff
286,stoch_ff,0.978,stoch,ff
287,stoch_ff,0.989,stoch,ff
288,stoch_ff,0.984,stoch,ff
289,stoch_ff,0.974,stoch,ff
290,stoch_ff,0.971,stoch,ff
291,stoch_ff,0.968,stoch,ff
292,stoch_ff,0.974,stoch,ff
293,stoch_ff,0.972,stoch,ff
294,stoch_ff,0.97,stoch,ff
295,stoch_ff,0.961,stoch,ff
296,stoch_ff,0.982,stoch,ff
297,stoch_ff,0.973,stoch,ff
298,stoch_ff,0.972,stoch,ff
299,stoch_ff,0.981,stoch,ff
300,stoch_ff,0.977,stoch,ff
301,stoch_ff,0.974,stoch,ff
302,stoch_ff,0.982,stoch,ff
303,stoch_ff,0.984,stoch,ff
304,stoch_ff,0.986,stoch,ff
305,stoch_ff,0.997,stoch,ff
306,stoch_ff,0.985,stoch,ff
307,stoch_ff,0.993,stoch,ff
308,stoch_ff,0.989,stoch,ff
309,stoch_ff,0.983,stoch,ff
310,stoch_ff,0.985,stoch,ff
311,stoch_ff,0.989,stoch,ff
312,stoch_ff,0.981,stoch,ff
313,stoch_ff,0.978,stoch,ff
314,stoch_ff,0.978,stoch,ff
315,stoch_ff,0.981,stoch,ff
316,stoch_ff,0.965,stoch,ff
317,stoch_ff,0.977,stoch,ff
318,stoch_ff,0.986,stoch,ff
319,stoch_ff,0.974,stoch,ff
320,stoch_ff,0.979,stoch,ff
321,stoch_ff,0.974,stoch,ff
322,stoch_ff,0.98,stoch,ff
323,stoch_ff,0.993,stoch,ff
324,stoch_ff,0.988,stoch,ff
325,stoch_ff,0.99,stoch,ff
326,stoch_ff,0.991,stoch,ff
327,stoch_ff,0.983,stoch,ff
328,stoch_ff,0.98,stoch,ff
329,stoch_ff,0.98,stoch,ff
330,stoch_ff,0.974,stoch,ff
331,stoch_ff,0.98,stoch,ff
332,stoch_ff,0.988,stoch,ff
333,stoch_ff,0.987,stoch,ff
334,stoch_ff,0.992,stoch,ff
335,stoch_ff,0.966,stoch,ff
336,stoch_ff,0.97,stoch,ff
337,stoch_ff,0.983,stoch,ff
338,stoch_ff,0.964,stoch,ff
339,stoch_ff,0.982,stoch,ff
340,stoch_ff,0.978,stoch,ff
341,stoch_ff,0.984,stoch,ff
342,stoch_ff,0.98,stoch,ff
343,stoch_ff,0.983,stoch,ff
344,stoch_ff,0.98,stoch,ff
345,stoch_ff,0.998,stoch,ff
346,stoch_ff,0.977,stoch,ff
347,stoch_ff,0.978,stoch,ff
348,stoch_ff,0.986,stoch,ff
349,stoch_ff,0.989,stoch,ff
350,stoch_ff,0.979,stoch,ff
351,stoch_ff,0.985,stoch,ff
352,stoch_ff,0.979,stoch,ff
353,stoch_ff,0.972,stoch,ff
354,stoch_ff,0.96,stoch,ff
355,stoch_ff,0.956,stoch,ff
356,stoch_ff,0.959,stoch,ff
357,stoch_ff,0.968,stoch,ff
358,stoch_ff,0.969,stoch,ff
359,stoch_ff,0.966,stoch,ff
360,stoch_ff,0.981,stoch,ff
361,stoch_ff,0.989,stoch,ff
362,stoch_ff,0.982,stoch,ff
363,stoch_ff,0.979,stoch,ff
364,stoch_ff,0.99,stoch,ff
365,stoch_ff,0.971,stoch,ff
366,stoch_ff,0.98,stoch,ff
367,stoch_ff,0.996,stoch,ff
368,stoch_ff,0.983,stoch,ff
369,stoch_ff,0.995,stoch,ff
370,stoch_ff,0.978,stoch,ff
371,stoch_ff,0.988,stoch,ff
372,stoch_ff,0.964,stoch,ff
373,stoch_ff,0.971,stoch,ff
374,stoch_ff,0.973,stoch,ff
375,stoch_ff,0.971,stoch,ff
376,stoch_ff,0.973,stoch,ff
377,stoch_ff,0.972,stoch,ff
378,stoch_ff,0.969,stoch,ff
379,stoch_ff,0.961,stoch,ff
380,stoch_ff,0.978,stoch,ff
381,stoch_ff,0.962,stoch,ff
382,stoch_ff,0.971,stoch,ff
383,stoch_ff,0.982,stoch,ff
384,stoch_ff,0.966,stoch,ff
385,stoch_ff,0.97,stoch,ff
386,stoch_ff,0.972,stoch,ff
387,stoch_ff,0.972,stoch,ff
388,stoch_ff,0.971,stoch,ff
389,stoch_ff,0.976,stoch,ff
390,stoch_ff,0.974,stoch,ff
391,stoch_ff,0.988,stoch,ff
392,stoch_ff,0.967,stoch,ff
393,stoch_ff,0.976,stoch,ff
394,stoch_ff,0.985,stoch,ff
395,stoch_ff,0.972,stoch,ff
396,stoch_ff,0.99,stoch,ff
397,stoch_ff,0.989,stoch,ff
398,stoch_ff,0.983,stoch,ff
399,stoch_ff,0.982,stoch,ff
400,stoch_ff,0.964,stoch,ff
401,stoch_ff,0.985,stoch,ff
402,stoch_ff,0.973,stoch,ff
403,stoch_ff,0.973,stoch,ff
404,stoch_ff,0.982,stoch,ff
405,stoch_ff,0.978,stoch,ff
406,stoch_ff,0.978,stoch,ff
407,stoch_ff,0.976,stoch,ff
408,stoch_ff,0.974,stoch,ff
409,stoch_ff,0.968,stoch,ff
410,stoch_ff,0.976,stoch,ff
411,stoch_ff,0.956,stoch,ff
412,stoch_ff,0.967,stoch,ff
413,stoch_ff,0.983,stoch,ff
414,stoch_ff,0.968,stoch,ff
415,stoch_ff,0.975,stoch,ff
416,stoch_ff,0.985,stoch,ff
417,stoch_ff,0.975,stoch,ff
418,stoch_ff,0.968,stoch,ff
419,stoch_ff,0.966,stoch,ff
420,stoch_ff,0.981,stoch,ff
421,stoch_ff,0.971,stoch,ff
422,stoch_ff,0.976,stoch,ff
423,stoch_ff,0.988,stoch,ff
424,stoch_ff,0.972,stoch,ff
425,stoch_ff,0.982,stoch,ff
426,stoch_ff,0.977,stoch,ff
427,stoch_ff,0.994,stoch,ff
428,stoch_ff,0.971,stoch,ff
429,stoch_ff,0.978,stoch,ff
430,stoch_ff,0.979,stoch,ff
431,stoch_ff,0.975,stoch,ff
432,stoch_ff,0.972,stoch,ff
433,stoch_ff,0.967,stoch,ff
434,stoch_ff,0.974,stoch,ff
435,stoch_ff,0.968,stoch,ff
436,stoch_ff,0.977,stoch,ff
437,stoch_ff,0.985,stoch,ff
438,stoch_ff,0.979,stoch,ff
439,stoch_ff,0.974,stoch,ff
440,stoch_ff,0.976,stoch,ff
441,stoch_ff,0.979,stoch,ff
442,stoch_ff,0.985,stoch,ff
443,stoch_ff,0.993,stoch,ff
444,stoch_ff,0.975,stoch,ff
445,stoch_ff,0.976,stoch,ff
446,stoch_ff,0.993,stoch,ff
447,stoch_ff,0.983,stoch,ff
448,stoch_ff,0.98,stoch,ff
449,stoch_ff,0.971,stoch,ff
450,stoch_ff,0.974,stoch,ff
451,stoch_ff,0.966,stoch,ff
452,stoch_ff,0.982,stoch,ff
453,stoch_ff,0.983,stoch,ff
454,stoch_ff,0.983,stoch,ff
455,stoch_ff,0.979,stoch,ff
456,stoch_ff,0.969,stoch,ff
457,stoch_ff,0.981,stoch,ff
458,stoch_ff,0.971,stoch,ff
459,stoch_ff,0.982,stoch,ff
460,stoch_ff,0.986,stoch,ff
461,stoch_ff,0.981,stoch,ff
462,stoch_ff,0.979,stoch,ff
463,stoch_ff,0.979,stoch,ff
464,stoch_ff,0.976,stoch,ff
465,stoch_ff,0.985,stoch,ff
466,stoch_ff,0.975,stoch,ff
467,stoch_ff,0.979,stoch,ff
468,stoch_ff,0.981,stoch,ff
469,stoch_ff,0.988,stoch,ff
470,stoch_ff,0.988,stoch,ff
471,stoch_ff,0.99,stoch,ff
472,stoch_ff,0.968,stoch,ff
473,stoch_ff,0.977,stoch,ff
474,stoch_ff,0.982,stoch,ff
475,stoch_ff,0.983,stoch,ff
476,stoch_ff,0.986,stoch,ff
477,stoch_ff,0.98,stoch,ff
478,stoch_ff,0.965,stoch,ff
479,stoch_ff,0.973,stoch,ff
480,stoch_ff,0.967,stoch,ff
481,stoch_ff,0.982,stoch,ff
482,stoch_ff,0.969,stoch,ff
483,stoch_ff,0.96,stoch,ff
484,stoch_ff,0.964,stoch,ff
485,stoch_ff,0.976,stoch,ff
486,stoch_ff,0.961,stoch,ff
487,stoch_ff,0.965,stoch,ff
488,stoch_ff,0.965,stoch,ff
489,stoch_ff,0.964,stoch,ff
490,stoch_ff,0.982,stoch,ff
491,stoch_ff,0.971,stoch,ff
492,stoch_ff,0.977,stoch,ff
493,stoch_ff,0.976,stoch,ff
494,stoch_ff,0.98,stoch,ff
495,stoch_ff,0.978,stoch,ff
496,stoch_ff,0.989,stoch,ff
497,stoch_ff,0.965,stoch,ff
498,stoch_ff,0.991,stoch,ff
499,stoch_ff,0.971,stoch,ff
500,stoch_ff,0.976,stoch,ff
501,stoch_ff,0.99,stoch,ff
502,stoch_ff,0.971,stoch,ff
503,stoch_ff,0.983,stoch,ff
504,stoch_ff,0.978,stoch,ff
505,stoch_ff,0.984,stoch,ff
506,stoch_ff,0.985,stoch,ff
507,stoch_ff,0.98,stoch,ff
508,stoch_ff,0.968,stoch,ff
509,stoch_ff,0.97,stoch,ff
510,stoch_ff,0.974,stoch,ff
511,stoch_ff,0.983,stoch,ff
512,stoch_ff,0.978,stoch,ff
513,stoch_ff,0.976,stoch,ff
514,stoch_ff,0.984,stoch,ff
515,stoch_ff,0.986,stoch,ff
516,stoch_ff,0.981,stoch,ff
517,stoch_ff,0.988,stoch,ff
518,stoch_ff,0.997,stoch,ff
519,stoch_ff,0.978,stoch,ff
520,stoch_ff,0.999,stoch,ff
521,stoch_ff,0.977,stoch,ff
522,stoch_ff,0.982,stoch,ff
523,stoch_ff,0.99,stoch,ff
524,stoch_ff,0.979,stoch,ff
525,stoch_ff,0.995,stoch,ff
526,stoch_ff,0.996,stoch,ff
527,stoch_ff,0.982,stoch,ff
528,stoch_ff,0.989,stoch,ff
529,stoch_ff,0.979,stoch,ff
530,stoch_ff,0.993,stoch,ff
531,stoch_ff,0.992,stoch,ff
532,stoch_ff,0.975,stoch,ff
533,stoch_ff,0.973,stoch,ff
534,stoch_ff,0.975,stoch,ff
535,stoch_ff,0.992,stoch,ff
536,stoch_ff,0.98,stoch,ff
537,stoch_ff,0.993,stoch,ff
538,stoch_ff,0.972,stoch,ff
539,stoch_ff,0.979,stoch,ff
540,stoch_ff,0.987,stoch,ff
541,stoch_ff,0.98,stoch,ff
542,stoch_ff,0.984,stoch,ff
543,stoch_ff,0.989,stoch,ff
544,stoch_ff,0.984,stoch,ff
545,stoch_ff,0.991,stoch,ff
546,stoch_ff,0.979,stoch,ff
547,stoch_ff,0.978,stoch,ff
548,stoch_ff,0.99,stoch,ff
549,stoch_ff,0.971,stoch,ff
550,stoch_ff,0.979,stoch,ff
551,stoch_ff,0.986,stoch,ff
552,stoch_ff,0.992,stoch,ff
553,stoch_ff,0.985,stoch,ff
554,stoch_ff,0.98,stoch,ff
555,stoch_ff,0.977,stoch,ff
556,stoch_ff,0.989,stoch,ff
557,stoch_ff,0.985,stoch,ff
558,stoch_ff,0.983,stoch,ff
559,stoch_ff,0.99,stoch,ff
560,stoch_ff,0.992,stoch,ff
561,stoch_ff,0.98,stoch,ff
562,stoch_ff,0.973,stoch,ff
563,stoch_ff,0.972,stoch,ff
564,stoch_ff,0.972,stoch,ff
565,stoch_ff,0.975,stoch,ff
566,stoch_ff,0.977,stoch,ff
567,stoch_ff,0.967,stoch,ff
568,stoch_ff,0.983,stoch,ff
569,stoch_ff,0.957,stoch,ff
570,stoch_ff,0.962,stoch,ff
571,stoch_ff,0.971,stoch,ff
572,stoch_ff,0.985,stoch,ff
573,stoch_ff,0.967,stoch,ff
574,stoch_ff,0.983,stoch,ff
575,stoch_ff,0.98,stoch,ff
576,stoch_ff,0.986,stoch,ff
577,stoch_ff,0.978,stoch,ff
578,stoch_ff,0.976,stoch,ff
579,stoch_ff,0.984,stoch,ff
580,stoch_ff,0.983,stoch,ff
581,stoch_ff,0.975,stoch,ff
582,stoch_ff,0.976,stoch,ff
583,stoch_ff,0.985,stoch,ff
584,stoch_ff,0.999,stoch,ff
585,stoch_ff,0.979,stoch,ff
586,stoch_ff,0.985,stoch,ff
587,stoch_ff,0.983,stoch,ff
588,stoch_ff,0.983,stoch,ff
589,stoch_ff,0.984,stoch,ff
590,stoch_ff,0.97,stoch,ff
591,stoch_ff,0.983,stoch,ff
592,stoch_ff,0.985,stoch,ff
593,stoch_ff,0.98,stoch,ff
594,stoch_ff,0.975,stoch,ff
595,stoch_ff,0.975,stoch,ff
596,stoch_ff,0.984,stoch,ff
597,stoch_ff,0.978,stoch,ff
598,stoch_ff,0.988,stoch,ff
599,stoch_ff,0.971,stoch,ff
600,stoch_ff,0.979,stoch,ff
601,stoch_ff,0.986,stoch,ff
602,stoch_ff,0.971,stoch,ff
603,stoch_ff,0.977,stoch,ff
604,stoch_ff,0.989,stoch,ff
605,stoch_ff,0.971,stoch,ff
606,stoch_ff,0.982,stoch,ff
607,stoch_ff,0.969,stoch,ff
608,stoch_ff,0.975,stoch,ff
609,stoch_ff,0.973,stoch,ff
610,stoch_ff,0.978,stoch,ff
611,stoch_ff,0.987,stoch,ff
612,stoch_ff,0.97,stoch,ff
613,stoch_ff,0.967,stoch,ff
614,stoch_ff,0.975,stoch,ff
615,stoch_ff,0.97,stoch,ff
616,stoch_ff,0.982,stoch,ff
617,stoch_ff,0.966,stoch,ff
618,stoch_ff,0.971,stoch,ff
619,stoch_ff,0.981,stoch,ff
620,stoch_ff,0.987,stoch,ff
621,stoch_ff,0.981,stoch,ff
622,stoch_ff,0.962,stoch,ff
623,stoch_ff,0.967,stoch,ff
624,stoch_ff,0.971,stoch,ff
625,stoch_ff,0.966,stoch,ff
626,stoch_ff,0.975,stoch,ff
627,stoch_ff,0.964,stoch,ff
628,stoch_ff,0.967,stoch,ff
629,stoch_ff,0.963,stoch,ff
630,stoch_ff,0.975,stoch,ff
631,stoch_ff,0.965,stoch,ff
632,stoch_ff,0.969,stoch,ff
633,stoch_ff,0.969,stoch,ff
634,stoch_ff,0.977,stoch,ff
635,stoch_ff,0.98,stoch,ff
636,stoch_ff,0.983,stoch,ff
637,stoch_ff,0.988,stoch,ff
638,stoch_ff,0.984,stoch,ff
639,stoch_ff,0.995,stoch,ff
640,stoch_ff,0.993,stoch,ff
641,stoch_ff,0.984,stoch,ff
642,stoch_ff,0.982,stoch,ff
643,stoch_ff,0.984,stoch,ff
644,stoch_ff,0.986,stoch,ff
645,stoch_ff,0.979,stoch,ff
646,stoch_ff,0.977,stoch,ff
647,stoch_ff,0.983,stoch,ff
648,stoch_ff,0.977,stoch,ff
649,stoch_ff,0.976,stoch,ff
650,stoch_ff,0.989,stoch,ff
651,stoch_ff,0.976,stoch,ff
652,stoch_ff,0.979,stoch,ff
653,stoch_ff,0.979,stoch,ff
654,stoch_ff,0.983,stoch,ff
655,stoch_ff,0.978,stoch,ff
656,stoch_ff,0.987,stoch,ff
657,stoch_ff,0.979,stoch,ff
658,stoch_ff,0.983,stoch,ff
659,stoch_ff,0.99,stoch,ff
660,stoch_ff,0.982,stoch,ff
661,stoch_ff,0.979,stoch,ff
662,stoch_ff,0.979,stoch,ff
663,stoch_ff,0.988,stoch,ff
664,stoch_ff,0.981,stoch,ff
665,stoch_ff,0.99,stoch,ff
666,stoch_ff,0.985,stoch,ff
667,stoch_ff,0.993,stoch,ff
668,stoch_ff,0.984,stoch,ff
669,stoch_ff,0.977,stoch,ff
670,stoch_ff,0.99,stoch,ff
671,stoch_ff,0.981,stoch,ff
672,stoch_ff,0.99,stoch,ff
673,stoch_ff,0.982,stoch,ff
674,stoch_ff,0.982,stoch,ff
675,stoch_ff,0.99,stoch,ff
676,stoch_ff,0.988,stoch,ff
677,stoch_ff,0.988,stoch,ff
678,stoch_ff,0.985,stoch,ff
679,stoch_ff,0.985,stoch,ff
680,stoch_ff,0.986,stoch,ff
681,stoch_ff,0.97,stoch,ff
682,stoch_ff,0.977,stoch,ff
683,stoch_ff,0.977,stoch,ff
684,stoch_ff,0.969,stoch,ff
685,stoch_ff,0.969,stoch,ff
686,stoch_ff,0.977,stoch,ff
687,stoch_ff,0.972,stoch,ff
688,stoch_ff,0.979,stoch,ff
689,stoch_ff,0.968,stoch,ff
690,stoch_ff,0.962,stoch,ff
691,stoch_ff,0.97,stoch,ff
692,stoch_ff,0.964,stoch,ff
693,stoch_ff,0.968,stoch,ff
694,stoch_ff,0.984,stoch,ff
695,stoch_ff,0.967,stoch,ff
696,stoch_ff,0.974,stoch,ff
697,stoch_ff,0.988,stoch,ff
698,stoch_ff,0.98,stoch,ff
699,stoch_ff,0.982,stoch,ff
700,stoch_ff,0.984,stoch,ff
701,stoch_ff,0.975,stoch,ff
702,stoch_ff,0.978,stoch,ff
703,stoch_ff,0.977,stoch,ff
704,stoch_ff,0.983,stoch,ff
705,stoch_ff,0.984,stoch,ff
706,stoch_ff,0.991,stoch,ff
707,stoch_ff,0.971,stoch,ff
708,stoch_ff,0.99,stoch,ff
709,stoch_ff,0.971,stoch,ff
710,stoch_ff,0.98,stoch,ff
711,stoch_ff,0.985,stoch,ff
712,stoch_ff,0.978,stoch,ff
713,stoch_ff,0.984,stoch,ff
714,stoch_ff,0.982,stoch,ff
715,stoch_ff,0.978,stoch,ff
716,stoch_ff,0.973,stoch,ff
717,stoch_ff,0.976,stoch,ff
718,stoch_ff,0.99,stoch,ff
719,stoch_ff,0.977,stoch,ff
720,stoch_ff,0.986,stoch,ff
721,stoch_ff,0.982,stoch,ff
722,stoch_ff,0.986,stoch,ff
723,stoch_ff,0.98,stoch,ff
724,stoch_ff,0.978,stoch,ff
725,stoch_ff,0.988,stoch,ff
726,stoch_ff,0.98,stoch,ff
727,stoch_ff,0.988,stoch,ff
728,stoch_ff,0.98,stoch,ff
729,stoch_ff,0.971,stoch,ff
730,stoch_ff,0.981,stoch,ff
731,stoch_ff,0.973,stoch,ff
732,stoch_ff,0.977,stoch,ff
733,stoch_ff,0.978,stoch,ff
734,stoch_ff,0.975,stoch,ff
735,stoch_ff,0.969,stoch,ff
736,stoch_ff,0.975,stoch,ff
737,stoch_ff,0.971,stoch,ff
738,stoch_ff,0.988,stoch,ff
739,stoch_ff,0.989,stoch,ff
740,stoch_ff,0.969,stoch,ff
741,stoch_ff,0.973,stoch,ff
742,stoch_ff,0.973,stoch,ff
743,stoch_ff,0.975,stoch,ff
744,stoch_ff,0.978,stoch,ff
745,stoch_ff,0.963,stoch,ff
746,stoch_ff,0.974,stoch,ff
747,stoch_ff,0.97,stoch,ff
748,stoch_ff,0.974,stoch,ff
749,stoch_ff,0.989,stoch,ff
750,stoch_ff,0.984,stoch,ff
751,stoch_ff,0.971,stoch,ff
752,stoch_ff,0.979,stoch,ff
753,stoch_ff,0.986,stoch,ff
754,stoch_ff,0.961,stoch,ff
755,stoch_ff,0.977,stoch,ff
756,stoch_ff,0.966,stoch,ff
757,stoch_ff,0.961,stoch,ff
758,stoch_ff,0.977,stoch,ff
759,stoch_ff,0.974,stoch,ff
760,stoch_ff,0.978,stoch,ff
761,stoch_ff,0.979,stoch,ff
762,stoch_ff,0.98,stoch,ff
763,stoch_ff,0.981,stoch,ff
764,stoch_ff,0.976,stoch,ff
765,stoch_ff,0.987,stoch,ff
766,stoch_ff,0.979,stoch,ff
767,stoch_ff,0.982,stoch,ff
768,stoch_ff,0.973,stoch,ff
769,stoch_ff,0.98,stoch,ff
770,stoch_ff,0.964,stoch,ff
771,stoch_ff,0.981,stoch,ff
772,stoch_ff,0.968,stoch,ff
773,stoch_ff,0.973,stoch,ff
774,stoch_ff,0.981,stoch,ff
775,stoch_ff,0.986,stoch,ff
776,stoch_ff,0.998,stoch,ff
777,stoch_ff,0.974,stoch,ff
778,stoch_ff,0.979,stoch,ff
779,stoch_ff,0.975,stoch,ff
780,stoch_ff,0.974,stoch,ff
781,stoch_ff,0.977,stoch,ff
782,stoch_ff,0.976,stoch,ff
783,stoch_ff,0.981,stoch,ff
784,stoch_ff,0.985,stoch,ff
785,stoch_ff,0.988,stoch,ff
786,stoch_ff,0.985,stoch,ff
787,stoch_ff,0.976,stoch,ff
788,stoch_ff,0.974,stoch,ff
789,stoch_ff,0.977,stoch,ff
790,stoch_ff,0.987,stoch,ff
791,stoch_ff,0.985,stoch,ff
792,stoch_ff,0.976,stoch,ff
793,stoch_ff,0.981,stoch,ff
794,stoch_ff,0.972,stoch,ff
795,stoch_ff,0.989,stoch,ff
796,stoch_ff,0.986,stoch,ff
797,stoch_ff,0.991,stoch,ff
798,stoch_ff,0.979,stoch,ff
799,stoch_ff,0.981,stoch,ff
800,stoch_ff,0.985,stoch,ff
801,stoch_ff,0.985,stoch,ff
802,stoch_ff,0.983,stoch,ff
803,stoch_ff,0.988,stoch,ff
804,stoch_ff,0.978,stoch,ff
805,stoch_ff,0.983,stoch,ff
806,stoch_ff,0.981,stoch,ff
807,stoch_ff,0.98,stoch,ff
808,stoch_ff,0.993,stoch,ff
809,stoch_ff,0.983,stoch,ff
810,stoch_ff,0.974,stoch,ff
811,stoch_ff,0.976,stoch,ff
812,stoch_ff,0.982,stoch,ff
813,stoch_ff,0.978,stoch,ff
814,stoch_ff,0.979,stoch,ff
815,stoch_ff,0.968,stoch,ff
816,stoch_ff,0.976,stoch,ff
817,stoch_ff,0.984,stoch,ff
818,stoch_ff,0.988,stoch,ff
819,stoch_ff,0.985,stoch,ff
820,stoch_ff,0.986,stoch,ff
821,stoch_ff,0.977,stoch,ff
822,stoch_ff,0.985,stoch,ff
823,stoch_ff,0.975,stoch,ff
824,stoch_ff,0.977,stoch,ff
825,stoch_ff,0.973,stoch,ff
826,stoch_ff,0.975,stoch,ff
827,stoch_ff,0.973,stoch,ff
828,stoch_ff,0.988,stoch,ff
829,stoch_ff,0.984,stoch,ff
830,stoch_ff,0.965,stoch,ff
831,stoch_ff,0.97,stoch,ff
832,stoch_ff,0.985,stoch,ff
833,stoch_ff,0.976,stoch,ff
834,stoch_ff,0.983,stoch,ff
835,stoch_ff,0.966,stoch,ff
836,stoch_ff,0.968,stoch,ff
837,stoch_ff,0.983,stoch,ff
838,stoch_ff,0.969,stoch,ff
839,stoch_ff,0.964,stoch,ff
840,stoch_ff,0.972,stoch,ff
841,stoch_ff,0.979,stoch,ff
842,stoch_ff,0.972,stoch,ff
843,stoch_ff,0.981,stoch,ff
844,stoch_ff,0.985,stoch,ff
845,stoch_ff,0.979,stoch,ff
846,stoch_ff,0.974,stoch,ff
847,stoch_ff,0.992,stoch,ff
848,stoch_ff,0.973,stoch,ff
849,stoch_ff,0.979,stoch,ff
850,stoch_ff,0.982,stoch,ff
851,stoch_ff,0.968,stoch,ff
852,stoch_ff,0.974,stoch,ff
853,stoch_ff,0.978,stoch,ff
854,stoch_ff,0.975,stoch,ff
855,stoch_ff,0.979,stoch,ff
856,stoch_ff,0.987,stoch,ff
857,stoch_ff,0.986,stoch,ff
858,stoch_ff,0.992,stoch,ff
859,stoch_ff,0.978,stoch,ff
860,stoch_ff,0.978,stoch,ff
861,stoch_ff,0.984,stoch,ff
862,stoch_ff,0.981,stoch,ff
863,stoch_ff,0.99,stoch,ff
864,stoch_ff,0.968,stoch,ff
865,stoch_ff,0.993,stoch,ff
866,stoch_ff,0.976,stoch,ff
867,stoch_ff,0.983,stoch,ff
868,stoch_ff,0.98,stoch,ff
869,stoch_ff,0.983,stoch,ff
870,stoch_ff,0.972,stoch,ff
871,stoch_ff,0.991,stoch,ff
872,stoch_ff,0.986,stoch,ff
873,stoch_ff,0.985,stoch,ff
874,stoch_ff,0.964,stoch,ff
875,stoch_ff,0.972,stoch,ff
876,stoch_ff,0.985,stoch,ff
877,stoch_ff,0.973,stoch,ff
878,stoch_ff,0.969,stoch,ff
879,stoch_ff,0.967,stoch,ff
880,stoch_ff,0.984,stoch,ff
881,stoch_ff,0.96,stoch,ff
882,stoch_ff,0.971,stoch,ff
883,stoch_ff,0.973,stoch,ff
884,stoch_ff,0.988,stoch,ff
885,stoch_ff,0.989,stoch,ff
886,stoch_ff,0.985,stoch,ff
887,stoch_ff,0.979,stoch,ff
888,stoch_ff,0.975,stoch,ff
889,stoch_ff,0.98,stoch,ff
890,stoch_ff,0.99,stoch,ff
891,stoch_ff,0.97,stoch,ff
892,stoch_ff,0.989,stoch,ff
893,stoch_ff,0.977,stoch,ff
894,stoch_ff,0.985,stoch,ff
895,stoch_ff,0.992,stoch,ff
896,stoch_ff,0.997,stoch,ff
897,stoch_ff,0.985,stoch,ff
898,stoch_ff,0.982,stoch,ff
899,stoch_ff,0.975,stoch,ff
900,stoch_ff,0.99,stoch,ff
